name,description,No.,the_geom,CODIGO,LATITUD,LONGITUD,ESTADO,unnamed (1),unnamed (2)
CALLE 100 CON CARRERA 46 BARRANQUILLA,No.: 1<br>CODIGO: 10046<br>LATITUD: 11.0080352<br>LONGITUD: -74.8338823<br>ESTADO: Funcionando<br>unnamed (1): <br>unnamed (2):,1,POINT (-74.8338823 11.0080352),10046,11.0080352,-74.8338823,Funcionando,,
CALLE 106 CON CARRERA 53 BARRANQUILLA,No.: 5<br>CODIGO: 10653<br>LATITUD: 11.0175066<br>LONGITUD: -74.8346608<br>ESTADO: Funcionando<br>unnamed (1): <br>unnamed (2):,5,POINT (-74.8346608 11.0175066),10653,11.0175066,-74.8346608,Funcionando,,
CALLE 110 CON CARRERA 13 BARRANQUILLA,No.: 6<br>CODIGO: 11013<br>LATITUD: 10.9683261<br>LONGITUD: -74.8380514<br>ESTADO: Funcionando<br>unnamed (1): <br>unnamed (2):,6,POINT (-74.8380514 10.9683261),11013,10.9683261,-74.8380514,Funcionando,,
CALLE 110 CON VENTANA AL MUNDO BARRANQUILLA,No.: 7<br>CODIGO: 110<br>LATITUD: 11.032731<br>LONGITUD: -74.831136<br>ESTADO: Funcionando<br>unnamed (1): <br>unnamed (2):,7,POINT (-74.831136 11.032731),110,11.032731,-74.831136,Funcionando,,
CALLE 17 CON CARRERA 15 BARRANQUILLA,No.: 8<br>CODIGO: 508<br>LATITUD: 10.9539613<br>LONGITUD: -74.7739496<br>ESTADO: Funcionando<br>unnamed (1): <br>unnamed (2):,8,POINT (-74.7739496 10.9539613),508,10.9539613,-74.7739496,Funcionando,,
CALLE 17 CON CARRERA 30 BARRANQUILLA,No.: 9<br>CODIGO: 500<br>LATITUD: 10.9674284<br>LONGITUD: -74.7748803<br>ESTADO: Funcionando<br>unnamed (1): <br>unnamed (2):,9,POINT (-74.7748803 10.9674284),500,10.9674284,-74.7748803,Funcionando,,
CALLE 17 CON CARRERA 38 BARRANQUILLA,No.: 10<br>CODIGO: 1124<br>LATITUD: 10.9754118<br>LONGITUD: -74.7753842<br>ESTADO: Funcionando<br>unnamed (1): <br>unnamed (2):,10,POINT (-74.7753842 10.9754118),1124,10.9754118,-74.7753842,Funcionando,,
CALLE 19 CON CARRERA 1E BARRANQUILLA,No.: 11<br>CODIGO: 1901<br>LATITUD: 10.936612<br>LONGITUD: -74.780262<br>ESTADO: Funcionando<br>unnamed (1): <br>unnamed (2):,11,POINT (-74.780262 10.936612),1901,10.936612,-74.780262,Funcionando,,
CALLE 19 CON CARRERA 5B BARRANQUILLA,No.: 12<br>CODIGO: 1905<br>LATITUD: 10.9437723<br>LONGITUD: -74.7768943<br>ESTADO: Funcionando<br>unnamed (1): <br>unnamed (2):,12,POINT (-74.7768943 10.9437723),1905,10.9437723,-74.7768943,Funcionando,,
CALLE 19 CON CARRERA 7 BARRANQUILLA,No.: 13<br>CODIGO: 1907<br>LATITUD: 10.94681<br>LONGITUD: -74.7759048<br>ESTADO: Funcionando<br>unnamed (1): <br>unnamed (2):,13,POINT (-74.7759048 10.94681),1907,10.94681,-74.7759048,Funcionando,,
CALLE 26 CON CARRERA 15 BARRANQUILLA,No.: 14<br>CODIGO: 2515<br>LATITUD: 10.9526771<br>LONGITUD: -74.7802189<br>ESTADO: Funcionando<br>unnamed (1): <br>unnamed (2):,14,POINT (-74.7802189 10.9526771),2515,10.9526771,-74.7802189,Funcionando,,
CALLE 30 CON CARRERA 14 BARRANQUILLA,No.: 15<br>CODIGO: 2506<br>LATITUD: 10.9524282<br>LONGITUD: -74.7863451<br>ESTADO: Funcionando<br>unnamed (1): <br>unnamed (2):,15,POINT (-74.7863451 10.9524282),2506,10.9524282,-74.7863451,Funcionando,,
CALLE 30 CON CARRERA 15 BARRANQUILLA,No.: 16<br>CODIGO: 2506<br>LATITUD: 10.9515936<br>LONGITUD: -74.7860889<br>ESTADO: Funcionando<br>unnamed (1): <br>unnamed (2):,16,POINT (-74.7860889 10.9515936),2506,10.9515936,-74.7860889,Funcionando,,
CALLE 30 CON CARRERA 20 BARRANQUILLA,No.: 17<br>CODIGO: 2508<br>LATITUD: 10.9567872<br>LONGITUD: -74.786032<br>ESTADO: Funcionando<br>unnamed (1): <br>unnamed (2):,17,POINT (-74.786032 10.9567872),2508,10.9567872,-74.786032,Funcionando,,
CALLE 30 CON CARRERA 21 BARRANQUILLA,No.: 18<br>CODIGO: 1509<br>LATITUD: 10.9592699<br>LONGITUD: -74.7851271<br>ESTADO: Funcionando<br>unnamed (1): <br>unnamed (2):,18,POINT (-74.7851271 10.9592699),1509,10.9592699,-74.7851271,Funcionando,,
CALLE 30 CON CARRERA 21B BARRANQUILLA,No.: 19<br>CODIGO: 1509<br>LATITUD: 10.9609495<br>LONGITUD: -74.7843952<br>ESTADO: Funcionando<br>unnamed (1): <br>unnamed (2):,19,POINT (-74.7843952 10.9609495),1509,10.9609495,-74.7843952,Funcionando,,
CALLE 30 CON CARRERA 23 BARRANQUILLA,No.: 20<br>CODIGO: 2511<br>LATITUD: 10.9622783<br>LONGITUD: -74.7839898<br>ESTADO: Funcionando<br>unnamed (1): <br>unnamed (2):,20,POINT (-74.7839898 10.9622783),2511,10.9622783,-74.7839898,Funcionando,,
CALLE 30 CON CARRERA 24 BARRANQUILLA,No.: 21<br>CODIGO: 1510<br>LATITUD: 10.963379<br>LONGITUD: -74.783424<br>ESTADO: Funcionando<br>unnamed (1): <br>unnamed (2):,21,POINT (-74.783424 10.963379),1510,10.963379,-74.783424,Funcionando,,
CALLE 30 CON CARRERA 25 BARRANQUILLA,No.: 22<br>CODIGO: 1510<br>LATITUD: 10.9643142<br>LONGITUD: -74.7831608<br>ESTADO: Funcionando<br>unnamed (1): <br>unnamed (2):,22,POINT (-74.7831608 10.9643142),1510,10.9643142,-74.7831608,Funcionando,,
CALLE 30 CON CARRERA 28 BARRANQUILLA,No.: 23<br>CODIGO: 2512<br>LATITUD: 10.9666814<br>LONGITUD: -74.7821481<br>ESTADO: Funcionando<br>unnamed (1): <br>unnamed (2):,23,POINT (-74.7821481 10.9666814),2512,10.9666814,-74.7821481,Funcionando,,
CALLE 30 CON CARRERA 30 BARRANQUILLA,No.: 24<br>CODIGO: 1514<br>LATITUD: 10.9691942<br>LONGITUD: -74.7808624<br>ESTADO: Funcionando<br>unnamed (1): <br>unnamed (2):,24,POINT (-74.7808624 10.9691942),1514,10.9691942,-74.7808624,Funcionando,,
CALLE 30 CON CARRERA 38 BARRANQUILLA,No.: 25<br>CODIGO: 1126<br>LATITUD: 10.9762252<br>LONGITUD: -74.7773309<br>ESTADO: Funcionando<br>unnamed (1): <br>unnamed (2):,25,POINT (-74.7773309 10.9762252),1126,10.9762252,-74.7773309,Funcionando,,
CALLE 30 CON CARRERA 4 BARRANQUILLA,No.: 26<br>CODIGO: 2503<br>LATITUD: 10.9397426<br>LONGITUD: -74.7826357<br>ESTADO: Funcionando<br>unnamed (1): <br>unnamed (2):,26,POINT (-74.7826357 10.9397426),2503,10.9397426,-74.7826357,Funcionando,,
CALLE 30 CON CARRERA 40 BARRANQUILLA,No.: 27<br>CODIGO: 1126<br>LATITUD: 10.9776657<br>LONGITUD: -74.776502<br>ESTADO: Funcionando<br>unnamed (1): <br>unnamed (2):,27,POINT (-74.776502 10.9776657),1126,10.9776657,-74.776502,Funcionando,,
CALLE 30 CON CARRERA 43 BARRANQUILLA,No.: 28<br>CODIGO: 2104<br>LATITUD: 10.9811718<br>LONGITUD: -74.7753824<br>ESTADO: Funcionando<br>unnamed (1): <br>unnamed (2):,28,POINT (-74.7753824 10.9811718),2104,10.9811718,-74.7753824,Funcionando,,
CALLE 30 CON CARRERA 44 BARRANQUILLA,No.: 29<br>CODIGO: 2105<br>LATITUD: 10.9825115<br>LONGITUD: -74.77556<br>ESTADO: Funcionando<br>unnamed (1): <br>unnamed (2):,29,POINT (-74.77556 10.9825115),2105,10.9825115,-74.77556,Funcionando,,
CALLE 30 CON CARRERA 46 BARRANQUILLA,No.: 30<br>CODIGO: 3046<br>LATITUD: 10.9857315<br>LONGITUD: -74.7769683<br>ESTADO: Funcionando<br>unnamed (1): <br>unnamed (2):,30,POINT (-74.7769683 10.9857315),3046,10.9857315,-74.7769683,Funcionando,,
CALLE 30 CON CARRERA 8 BARRANQUILLA,No.: 31<br>CODIGO: 1504<br>LATITUD: 10.9469744<br>LONGITUD: -74.7847508<br>ESTADO: Funcionando<br>unnamed (1): <br>unnamed (2):,31,POINT (-74.7847508 10.9469744),1504,10.9469744,-74.7847508,Funcionando,,
CALLE 30 ENTRE CARRERAS 1 Y 2 BARRANQUILLA,No.: 32<br>CODIGO: 3001<br>LATITUD: 10.936740<br>LONGITUD: -74.781744<br>ESTADO: Funcionando<br>unnamed (1): <br>unnamed (2):,32,POINT (-74.781744 10.93674),3001,10.93674,-74.781744,Funcionando,,
CALLE 34 CON CARRERA 38 BARRANQUILLA,No.: 33<br>CODIGO: 2129<br>LATITUD: 10.9771<br>LONGITUD: -74.7794114<br>ESTADO: Funcionando<br>unnamed (1): <br>unnamed (2):,33,POINT (-74.7794114 10.9771),2129,10.9771,-74.7794114,Funcionando,,
CALLE 34 CON CARRERA 40 BARRANQUILLA,No.: 34<br>CODIGO: 2132<br>LATITUD: 10.9790133<br>LONGITUD: -74.7787315<br>ESTADO: Funcionando<br>unnamed (1): <br>unnamed (2):,34,POINT (-74.7787315 10.9790133),2132,10.9790133,-74.7787315,Funcionando,,
CALLE 34 CON CARRERA 41 BARRANQUILLA,No.: 35<br>CODIGO: 2132<br>LATITUD: 10.9800066<br>LONGITUD: -74.7784432<br>ESTADO: Funcionando<br>unnamed (1): <br>unnamed (2):,35,POINT (-74.7784432 10.9800066),2132,10.9800066,-74.7784432,Funcionando,,
CALLE 34 CON CARRERA 43 BARRANQUILLA,No.: 36<br>CODIGO: 2133<br>LATITUD: 10.9812295<br>LONGITUD: -74.7782254<br>ESTADO: Funcionando<br>unnamed (1): <br>unnamed (2):,36,POINT (-74.7782254 10.9812295),2133,10.9812295,-74.7782254,Funcionando,,
CALLE 34 CON CARRERA 44 BARRANQUILLA,No.: 37<br>CODIGO: 2134<br>LATITUD: 10.9828928<br>LONGITUD: -74.7778786<br>ESTADO: Funcionando<br>unnamed (1): <br>unnamed (2):,37,POINT (-74.7778786 10.9828928),2134,10.9828928,-74.7778786,Funcionando,,
CALLE 34 CON CARRERA 45 BARRANQUILLA,No.: 38<br>CODIGO: 2134<br>LATITUD: 10.9838136<br>LONGITUD: -74.777582<br>ESTADO: Funcionando<br>unnamed (1): <br>unnamed (2):,38,POINT (-74.777582 10.9838136),2134,10.9838136,-74.777582,Funcionando,,
CALLE 34 CON CARRERA 46 BARRANQUILLA *norte,No.: 39<br>CODIGO: 3046<br>LATITUD: 10.985733<br>LONGITUD: -74.776969<br>ESTADO: Funcionando<br>unnamed (1): <br>unnamed (2):,39,POINT (-74.776969 10.985733),3046,10.985733,-74.776969,Funcionando,,
CALLE 34 CON CARRERA 46 BARRANQUILLA *sur,No.: 40<br>CODIGO: 3046<br>LATITUD: 10.985721<br>LONGITUD: -74.776957<br>ESTADO: Funcionando<br>unnamed (1): <br>unnamed (2):,40,POINT (-74.776957 10.985721),3046,10.985721,-74.776957,Funcionando,,
CALLE 36B CON CARRERA 8 BARRANQUILLA,No.: 42<br>CODIGO: 3608<br>LATITUD: 10.946079<br>LONGITUD: -74.7921527<br>ESTADO: Funcionando<br>unnamed (1): <br>unnamed (2):,42,POINT (-74.7921527 10.946079),3608,10.946079,-74.7921527,Funcionando,,
CALLE 37 CON CARRERA 44 BARRANQUILLA,No.: 43<br>CODIGO: 2120<br>LATITUD: 10.9833457<br>LONGITUD: -74.7799369<br>ESTADO: Funcionando<br>unnamed (1): <br>unnamed (2):,43,POINT (-74.7799369 10.9833457),2120,10.9833457,-74.7799369,Funcionando,,
CALLE 37 CON CARRERA 46 BARRANQUILLA,No.: 44<br>CODIGO: 3746<br>LATITUD: 10.9860925<br>LONGITUD: -74.7793988<br>ESTADO: Funcionando<br>unnamed (1): <br>unnamed (2):,44,POINT (-74.7793988 10.9860925),3746,10.9860925,-74.7793988,Funcionando,,
CALLE 38 CON CARRERA 30 BARRANQUILLA,No.: 45<br>CODIGO: 3830<br>LATITUD: 10.9703976<br>LONGITUD: -74.7844122<br>ESTADO: Funcionando<br>unnamed (1): <br>unnamed (2):,45,POINT (-74.7844122 10.9703976),3830,10.9703976,-74.7844122,Funcionando,,
CALLE 38 CON CARRERA 33 BARRANQUILLA,No.: 46<br>CODIGO: 2601<br>LATITUD: 10.973159<br>LONGITUD: -74.7833655<br>ESTADO: Funcionando<br>unnamed (1): <br>unnamed (2):,46,POINT (-74.7833655 10.973159),2601,10.973159,-74.7833655,Funcionando,,
CALLE 38 CON CARRERA 38 BARRANQUILLA,No.: 47<br>CODIGO: 1130<br>LATITUD: 10.9780656<br>LONGITUD: -74.781797<br>ESTADO: Funcionando<br>unnamed (1): <br>unnamed (2):,47,POINT (-74.781797 10.9780656),1130,10.9780656,-74.781797,Funcionando,,
CALLE 38 CON CARRERA 40 BARRANQUILLA,No.: 48<br>CODIGO: 1131<br>LATITUD: 10.9799677<br>LONGITUD: -74.7812785<br>ESTADO: Funcionando<br>unnamed (1): <br>unnamed (2):,48,POINT (-74.7812785 10.9799677),1131,10.9799677,-74.7812785,Funcionando,,
CALLE 38 CON CARRERA 44 BARRANQUILLA,No.: 49<br>CODIGO: 2120<br>LATITUD: 10.9834463<br>LONGITUD: -74.780499<br>ESTADO: Funcionando<br>unnamed (1): <br>unnamed (2):,49,POINT (-74.780499 10.9834463),2120,10.9834463,-74.780499,Funcionando,,
CALLE 38 CON CARRERA 45 BARRANQUILLA,No.: 50<br>CODIGO: 1114<br>LATITUD: 10.9848984<br>LONGITUD: -74.7801725<br>ESTADO: Funcionando<br>unnamed (1): <br>unnamed (2):,50,POINT (-74.7801725 10.9848984),1114,10.9848984,-74.7801725,Funcionando,,
CALLE 38 CON CARRERA43 BARRANQUILLA,No.: 51<br>CODIGO: 3843<br>LATITUD: 10.9817507<br>LONGITUD: -74.7808262<br>ESTADO: Funcionando<br>unnamed (1): <br>unnamed (2):,51,POINT (-74.7808262 10.9817507),3843,10.9817507,-74.7808262,Funcionando,,
CALLE 39 CON CARRERA 30 BARRANQUILLA,No.: 52<br>CODIGO: 3830<br>LATITUD: 10.9703325<br>LONGITUD: -74.7850403<br>ESTADO: Funcionando<br>unnamed (1): <br>unnamed (2):,52,POINT (-74.7850403 10.9703325),3830,10.9703325,-74.7850403,Funcionando,,
CALLE 40 CON CARRERA 46 BARRANQUILLA,No.: 53<br>CODIGO: 4046<br>LATITUD: 10.9863515<br>LONGITUD: -74.7810334<br>ESTADO: Funcionando<br>unnamed (1): <br>unnamed (2):,53,POINT (-74.7810334 10.9863515),4046,10.9863515,-74.7810334,Funcionando,,
CALLE 40 CON CARRERA 38 BARRANQUILLA,No.: 54<br>CODIGO: 1130<br>LATITUD: 10.9784831<br>LONGITUD: -74.7828894<br>ESTADO: Funcionando<br>unnamed (1): <br>unnamed (2):,54,POINT (-74.7828894 10.9784831),1130,10.9784831,-74.7828894,Funcionando,,
CALLE 40 CON CARRERA 40 BARRANQUILLA,No.: 55<br>CODIGO: 1131<br>LATITUD: 10.9802963<br>LONGITUD: -74.7823961<br>ESTADO: Funcionando<br>unnamed (1): <br>unnamed (2):,55,POINT (-74.7823961 10.9802963),1131,10.9802963,-74.7823961,Funcionando,,
CALLE 40 CON CARRERA 44 BARRANQUILLA,No.: 56<br>CODIGO: 4044<br>LATITUD: 10.9837043<br>LONGITUD: -74.7815697<br>ESTADO: Funcionando<br>unnamed (1): <br>unnamed (2):,56,POINT (-74.7815697 10.9837043),4044,10.9837043,-74.7815697,Funcionando,,
CALLE 40 CON CARRERA 50 BARRANQUILLA,No.: 57<br>CODIGO: 4050<br>LATITUD: 10.9887281<br>LONGITUD: -74.7805062<br>ESTADO: Funcionando<br>unnamed (1): <br>unnamed (2):,57,POINT (-74.7805062 10.9887281),4050,10.9887281,-74.7805062,Funcionando,,
CALLE 42 CON CARRERA 24 BARRANQUILLA,No.: 58<br>CODIGO: 1423<br>LATITUD: 10.9659884<br>LONGITUD: -74.7898688<br>ESTADO: Funcionando<br>unnamed (1): <br>unnamed (2):,58,POINT (-74.7898688 10.9659884),1423,10.9659884,-74.7898688,Funcionando,,
CALLE 42 CON CARRERA 25 BARRANQUILLA,No.: 59<br>CODIGO: 1423<br>LATITUD: 10.9667616<br>LONGITUD: -74.7890203<br>ESTADO: Funcionando<br>unnamed (1): <br>unnamed (2):,59,POINT (-74.7890203 10.9667616),1423,10.9667616,-74.7890203,Funcionando,,
CALLE 42 CON CARRERA 46 BARRANQUILLA,No.: 60<br>CODIGO: 4246<br>LATITUD: 10.986711<br>LONGITUD: -74.7824798<br>ESTADO: Funcionando<br>unnamed (1): <br>unnamed (2):,60,POINT (-74.7824798 10.986711),4246,10.986711,-74.7824798,Funcionando,,
CALLE 42 CON CARRERA 50 BARRANQUILLA,No.: 61<br>CODIGO: 4250<br>LATITUD: 10.9891238<br>LONGITUD: -74.7820207<br>ESTADO: Funcionando<br>unnamed (1): <br>unnamed (2):,61,POINT (-74.7820207 10.9891238),4250,10.9891238,-74.7820207,Funcionando,,
CALLE 43 CON CARRERA 46 BARRANQUILLA,No.: 62<br>CODIGO: 4246<br>LATITUD: 10.9868798<br>LONGITUD: -74.7831735<br>ESTADO: Funcionando<br>unnamed (1): <br>unnamed (2):,62,POINT (-74.7831735 10.9868798),4246,10.9868798,-74.7831735,Funcionando,,
CALLE 44 CON CARRERA 38 BARRANQUILLA,No.: 63<br>CODIGO: 2440<br>LATITUD: 10.9795369<br>LONGITUD: -74.786133<br>ESTADO: Funcionando<br>unnamed (1): <br>unnamed (2):,63,POINT (-74.786133 10.9795369),2440,10.9795369,-74.786133,Funcionando,,
CALLE 45 CON AV V√çA 40 BARRANQUILLA,No.: 64<br>CODIGO: 2146<br>LATITUD: 10.9961074<br>LONGITUD: -74.7825027<br>ESTADO: Funcionando<br>unnamed (1): <br>unnamed (2):,64,POINT (-74.7825027 10.9961074),2146,10.9961074,-74.7825027,Funcionando,,
CALLE 45 CON CARRERA 1 BARRANQUILLA,No.: 65<br>CODIGO: 2401<br>LATITUD: 10.930138<br>LONGITUD: -74.7991201<br>ESTADO: Funcionando<br>unnamed (1): <br>unnamed (2):,65,POINT (-74.7991201 10.930138),2401,10.930138,-74.7991201,Funcionando,,
CALLE 45 CON CARRERA 17 BARRANQUILLA,No.: 67<br>CODIGO: 4517<br>LATITUD: 10.9556793<br>LONGITUD: -74.7961987<br>ESTADO: Funcionando<br>unnamed (1): <br>unnamed (2):,67,POINT (-74.7961987 10.9556793),4517,10.9556793,-74.7961987,Funcionando,,
CALLE 45 CON CARRERA 19 BARRANQUILLA,No.: 68<br>CODIGO: 2410<br>LATITUD: 10.9584588<br>LONGITUD: -74.7948608<br>ESTADO: Funcionando<br>unnamed (1): <br>unnamed (2):,68,POINT (-74.7948608 10.9584588),2410,10.9584588,-74.7948608,Funcionando,,
CALLE 45 CON CARRERA 20B BARRANQUILLA,No.: 69<br>CODIGO: 4520<br>LATITUD: 10.9599332<br>LONGITUD: -74.7941408<br>ESTADO: Funcionando<br>unnamed (1): <br>unnamed (2):,69,POINT (-74.7941408 10.9599332),4520,10.9599332,-74.7941408,Funcionando,,
CALLE 45 CON CARRERA 21 BARRANQUILLA,No.: 70<br>CODIGO: 4521<br>LATITUD: 10.9618252<br>LONGITUD: -74.7932791<br>ESTADO: Funcionando<br>unnamed (1): <br>unnamed (2):,70,POINT (-74.7932791 10.9618252),4521,10.9618252,-74.7932791,Funcionando,,
CALLE 45 CON CARRERA 24 BARRANQUILLA,No.: 71<br>CODIGO: 2424<br>LATITUD: 10.9665101<br>LONGITUD: -74.7911115<br>ESTADO: Funcionando<br>unnamed (1): <br>unnamed (2):,71,POINT (-74.7911115 10.9665101),2424,10.9665101,-74.7911115,Funcionando,,
CALLE 45 CON CARRERA 26 BARRANQUILLA,No.: 72<br>CODIGO: 4526<br>LATITUD: 10.9680692<br>LONGITUD: -74.7906379<br>ESTADO: Funcionando<br>unnamed (1): <br>unnamed (2):,72,POINT (-74.7906379 10.9680692),4526,10.9680692,-74.7906379,Funcionando,,
CALLE 45 CON CARRERA 27 BARRANQUILLA,No.: 73<br>CODIGO: 4526<br>LATITUD: 10.9696249<br>LONGITUD: -74.7901346<br>ESTADO: Funcionando<br>unnamed (1): <br>unnamed (2):,73,POINT (-74.7901346 10.9696249),4526,10.9696249,-74.7901346,Funcionando,,
CALLE 45 CON CARRERA 2A BARRANQUILLA,No.: 74<br>CODIGO: 4501<br>LATITUD: 10.9337912<br>LONGITUD: -74.7993457<br>ESTADO: Funcionando<br>unnamed (1): <br>unnamed (2):,74,POINT (-74.7993457 10.9337912),4501,10.9337912,-74.7993457,Funcionando,,
CALLE 45 CON CARRERA 30 BARRANQUILLA,No.: 75<br>CODIGO: 2430<br>LATITUD: 10.9720192<br>LONGITUD: -74.7894355<br>ESTADO: Funcionando<br>unnamed (1): <br>unnamed (2):,75,POINT (-74.7894355 10.9720192),2430,10.9720192,-74.7894355,Funcionando,,
CALLE 45 CON CARRERA 33 BARRANQUILLA,No.: 76<br>CODIGO: 2438<br>LATITUD: 10.9751144<br>LONGITUD: -74.7884841<br>ESTADO: Funcionando<br>unnamed (1): <br>unnamed (2):,76,POINT (-74.7884841 10.9751144),2438,10.9751144,-74.7884841,Funcionando,,
CALLE 45 CON CARRERA 34 BARRANQUILLA,No.: 77<br>CODIGO: 4534<br>LATITUD: 10.9838136<br>LONGITUD: -74.777582<br>ESTADO: Funcionando<br>unnamed (1): <br>unnamed (2):,77,POINT (-74.777582 10.9838136),4534,10.9838136,-74.777582,Funcionando,,
CALLE 45 CON CARRERA 36 BARRANQUILLA,No.: 78<br>CODIGO: 4534<br>LATITUD: 10.978146<br>LONGITUD: -74.7874841<br>ESTADO: Funcionando<br>unnamed (1): <br>unnamed (2):,78,POINT (-74.7874841 10.978146),4534,10.978146,-74.7874841,Funcionando,,
CALLE 45 CON CARRERA 38 BARRANQUILLA,No.: 79<br>CODIGO: 2440<br>LATITUD: 10.9798372<br>LONGITUD: -74.7871283<br>ESTADO: Funcionando<br>unnamed (1): <br>unnamed (2):,79,POINT (-74.7871283 10.9798372),2440,10.9798372,-74.7871283,Funcionando,,
CALLE 45 CON CARRERA 4 BARRANQUILLA,No.: 80<br>CODIGO: 2402<br>LATITUD: 10.9383337<br>LONGITUD: -74.7993309<br>ESTADO: Funcionando<br>unnamed (1): <br>unnamed (2):,80,POINT (-74.7993309 10.9383337),2402,10.9383337,-74.7993309,Funcionando,,
CALLE 45 CON CARRERA 41 BARRANQUILLA,No.: 81<br>CODIGO: 4541<br>LATITUD: 10.981457<br>LONGITUD: -74.7867596<br>ESTADO: Funcionando<br>unnamed (1): <br>unnamed (2):,81,POINT (-74.7867596 10.981457),4541,10.981457,-74.7867596,Funcionando,,
CALLE 45 CON CARRERA 43 BARRANQUILLA,No.: 82<br>CODIGO: 2136<br>LATITUD: 10.9830068<br>LONGITUD: -74.7863391<br>ESTADO: Funcionando<br>unnamed (1): <br>unnamed (2):,82,POINT (-74.7863391 10.9830068),2136,10.9830068,-74.7863391,Funcionando,,
CALLE 45 CON CARRERA 44 BARRANQUILLA,No.: 83<br>CODIGO: 2144<br>LATITUD: 10.9845719<br>LONGITUD: -74.7857557<br>ESTADO: Funcionando<br>unnamed (1): <br>unnamed (2):,83,POINT (-74.7857557 10.9845719),2144,10.9845719,-74.7857557,Funcionando,,
CALLE 45 CON CARRERA 45 BARRANQUILLA,No.: 84<br>CODIGO: 2135<br>LATITUD: 10.9864681<br>LONGITUD: -74.7852241<br>ESTADO: Funcionando<br>unnamed (1): <br>unnamed (2):,84,POINT (-74.7852241 10.9864681),2135,10.9864681,-74.7852241,Funcionando,,
CALLE 45 CON CARRERA 46 BARRANQUILLA,No.: 85<br>CODIGO: 4546<br>LATITUD: 10.9873617<br>LONGITUD: -74.7849389<br>ESTADO: Funcionando<br>unnamed (1): <br>unnamed (2):,85,POINT (-74.7849389 10.9873617),4546,10.9873617,-74.7849389,Funcionando,,
CALLE 45 CON CARRERA 50 BARRANQUILLA,No.: 86<br>CODIGO: 4550<br>LATITUD: 10.9896613<br>LONGITUD: -74.7840489<br>ESTADO: Funcionando<br>unnamed (1): <br>unnamed (2):,86,POINT (-74.7840489 10.9896613),4550,10.9896613,-74.7840489,Funcionando,,
CALLE 45 CON CARRERA 7 BARRANQUILLA,No.: 87<br>CODIGO: 2403<br>LATITUD: 10.9413601<br>LONGITUD: -74.7993874<br>ESTADO: Funcionando<br>unnamed (1): <br>unnamed (2):,87,POINT (-74.7993874 10.9413601),2403,10.9413601,-74.7993874,Funcionando,,
CALLE 45 CON CARRERA 7C BARRANQUILLA,No.: 88<br>CODIGO: 2403<br>LATITUD: 10.9428048<br>LONGITUD: -74.7994937<br>ESTADO: Funcionando<br>unnamed (1): <br>unnamed (2):,88,POINT (-74.7994937 10.9428048),2403,10.9428048,-74.7994937,Funcionando,,
CALLE 45 CON CARRERA 8 BARRANQUILLA,No.: 89<br>CODIGO: 4508<br>LATITUD: 10.9461818<br>LONGITUD: -74.7996238<br>ESTADO: Funcionando<br>unnamed (1): <br>unnamed (2):,89,POINT (-74.7996238 10.9461818),4508,10.9461818,-74.7996238,Funcionando,,
CALLE 45 CON CARRERA 8C BARRANQUILLA,No.: 90<br>CODIGO: 4508<br>LATITUD: 10.9478098<br>LONGITUD: -74.7996782<br>ESTADO: Funcionando<br>unnamed (1): <br>unnamed (2):,90,POINT (-74.7996782 10.9478098),4508,10.9478098,-74.7996782,Funcionando,,
CALLE 45 CON CARRERAS 14 BARRANQUILLA,No.: 92<br>CODIGO: 4517<br>LATITUD: 10.9543704<br>LONGITUD: -74.7968304<br>ESTADO: Funcionando<br>unnamed (1): <br>unnamed (2):,92,POINT (-74.7968304 10.9543704),4517,10.9543704,-74.7968304,Funcionando,,
CALLE 45 CON CARRERAS 1E BARRANQUILLA,No.: 93<br>CODIGO: 4501<br>LATITUD: 10.9317964<br>LONGITUD: -74.7993202<br>ESTADO: Funcionando<br>unnamed (1): <br>unnamed (2):,93,POINT (-74.7993202 10.9317964),4501,10.9317964,-74.7993202,Funcionando,,
CALLE 45 CON CARRERAS 20 BARRANQUILLA,No.: 94<br>CODIGO: 4520<br>LATITUD: 10.9599332<br>LONGITUD: -74.7941408<br>ESTADO: Funcionando<br>unnamed (1): <br>unnamed (2):,94,POINT (-74.7941408 10.9599332),4520,10.9599332,-74.7941408,Funcionando,,
CALLE 47 CON CARRERA 14 BARRANQUILLA,No.: 96<br>CODIGO: 1412<br>LATITUD: 10.9587401<br>LONGITUD: -74.8032998<br>ESTADO: Funcionando<br>unnamed (1): <br>unnamed (2):,96,POINT (-74.8032998 10.9587401),1412,10.9587401,-74.8032998,Funcionando,,
CALLE 47 CON CARRERA 16 BARRANQUILLA,No.: 97<br>CODIGO: 1414<br>LATITUD: 10.9598037<br>LONGITUD: -74.8016144<br>ESTADO: Funcionando<br>unnamed (1): <br>unnamed (2):,97,POINT (-74.8016144 10.9598037),1414,10.9598037,-74.8016144,Funcionando,,
CALLE 47 CON CARRERA 18 BARRANQUILLA,No.: 98<br>CODIGO: 1415<br>LATITUD: 10.9607035<br>LONGITUD: -74.7997901<br>ESTADO: Funcionando<br>unnamed (1): <br>unnamed (2):,98,POINT (-74.7997901 10.9607035),1415,10.9607035,-74.7997901,Funcionando,,
CALLE 47 CON CARRERA 21 BARRANQUILLA,No.: 99<br>CODIGO: 1416<br>LATITUD: 10.96297<br>LONGITUD: -74.7950824<br>ESTADO: Funcionando<br>unnamed (1): <br>unnamed (2):,99,POINT (-74.7950824 10.96297),1416,10.96297,-74.7950824,Funcionando,,
CALLE 47 CON CARRERA 22 BARRANQUILLA,No.: 100<br>CODIGO: 4722<br>LATITUD: 10.9802137<br>LONGITUD: -74.7881549<br>ESTADO: Funcionando<br>unnamed (1): <br>unnamed (2):,100,POINT (-74.7881549 10.9802137),4722,10.9802137,-74.7881549,Funcionando,,
CALLE 47 CON CARRERA 33 BARRANQUILLA,No.: 101<br>CODIGO: 4733<br>LATITUD: 10.9754357<br>LONGITUD: -74.7894946<br>ESTADO: Funcionando<br>unnamed (1): <br>unnamed (2):,101,POINT (-74.7894946 10.9754357),4733,10.9754357,-74.7894946,Funcionando,,
CALLE 50 CON CARRERA 24 BARRANQUILLA,No.: 102<br>CODIGO: 2318<br>LATITUD: 10.9684734<br>LONGITUD: -74.7952014<br>ESTADO: Funcionando<br>unnamed (1): <br>unnamed (2):,102,POINT (-74.7952014 10.9684734),2318,10.9684734,-74.7952014,Funcionando,,
CALLE 50 CON CARRERA 27 BARRANQUILLA,No.: 103<br>CODIGO: 2317<br>LATITUD: 10.9712039<br>LONGITUD: -74.7939952<br>ESTADO: Funcionando<br>unnamed (1): <br>unnamed (2):,103,POINT (-74.7939952 10.9712039),2317,10.9712039,-74.7939952,Funcionando,,
CALLE 50 CON CARRERA 33 BARRANQUILLA,No.: 104<br>CODIGO: 1436<br>LATITUD: 10.976169<br>LONGITUD: -74.791678<br>ESTADO: Funcionando<br>unnamed (1): <br>unnamed (2):,104,POINT (-74.791678 10.976169),1436,10.976169,-74.791678,Funcionando,,
CALLE 50 CON CARRERA 38 BARRANQUILLA,No.: 105<br>CODIGO: 5138<br>LATITUD: 10.98066<br>LONGITUD: -74.7903074<br>ESTADO: Funcionando<br>unnamed (1): <br>unnamed (2):,105,POINT (-74.7903074 10.98066),5138,10.98066,-74.7903074,Funcionando,,
CALLE 50 CON CARRERA 41 BARRANQUILLA,No.: 106<br>CODIGO: 5138<br>LATITUD: 10.9820734<br>LONGITUD: -74.7899097<br>ESTADO: Funcionando<br>unnamed (1): <br>unnamed (2):,106,POINT (-74.7899097 10.9820734),5138,10.9820734,-74.7899097,Funcionando,,
CALLE 50 CON CARRERA 43 BARRANQUILLA,No.: 107<br>CODIGO: 1139<br>LATITUD: 10.983771<br>LONGITUD: -74.7893841<br>ESTADO: Funcionando<br>unnamed (1): <br>unnamed (2):,107,POINT (-74.7893841 10.983771),1139,10.983771,-74.7893841,Funcionando,,
CALLE 50 CON CARRERA 44 BARRANQUILLA,No.: 108<br>CODIGO: 1139<br>LATITUD: 10.985343<br>LONGITUD: -74.7888018<br>ESTADO: Funcionando<br>unnamed (1): <br>unnamed (2):,108,POINT (-74.7888018 10.985343),1139,10.985343,-74.7888018,Funcionando,,
CALLE 50 CON CARRERA 45 BARRANQUILLA,No.: 109<br>CODIGO: 1139<br>LATITUD: 10.9873053<br>LONGITUD: -74.7882298<br>ESTADO: Funcionando<br>unnamed (1): <br>unnamed (2):,109,POINT (-74.7882298 10.9873053),1139,10.9873053,-74.7882298,Funcionando,,
CALLE 50 CON CARRERA 46 BARRANQUILLA,No.: 110<br>CODIGO: 2156<br>LATITUD: 10.9881277<br>LONGITUD: -74.7879786<br>ESTADO: Funcionando<br>unnamed (1): <br>unnamed (2):,110,POINT (-74.7879786 10.9881277),2156,10.9881277,-74.7879786,Funcionando,,
CALLE 51 CON CARRERA 38 BARRANQUILLA,No.: 111<br>CODIGO: 5138<br>LATITUD: 10.9808792<br>LONGITUD: -74.7912623<br>ESTADO: Funcionando<br>unnamed (1): <br>unnamed (2):,111,POINT (-74.7912623 10.9808792),5138,10.9808792,-74.7912623,Funcionando,,
CALLE 53 CON CARRERA 45 BARRANQUILLA,No.: 113<br>CODIGO: 2156<br>LATITUD: 10.987717<br>LONGITUD: -74.7897734<br>ESTADO: Funcionando<br>unnamed (1): <br>unnamed (2):,113,POINT (-74.7897734 10.987717),2156,10.987717,-74.7897734,Funcionando,,
CALLE 53 CON CARRERA 46 BARRANQUILLA,No.: 114<br>CODIGO: 2156<br>LATITUD: 10.9885764<br>LONGITUD: -74.7895198<br>ESTADO: Funcionando<br>unnamed (1): <br>unnamed (2):,114,POINT (-74.7895198 10.9885764),2156,10.9885764,-74.7895198,Funcionando,,
CALLE 53 CON CARRERA 50 BARRANQUILLA,No.: 115<br>CODIGO: 1277<br>LATITUD: 10.9907409<br>LONGITUD: -74.789138<br>ESTADO: Funcionando<br>unnamed (1): <br>unnamed (2):,115,POINT (-74.789138 10.9907409),1277,10.9907409,-74.789138,Funcionando,,
CALLE 53 CON CARRERA 54 BARRANQUILLA,No.: 116<br>CODIGO: 5354<br>LATITUD: 10.9927375<br>LONGITUD: -74.7892454<br>ESTADO: Funcionando<br>unnamed (1): <br>unnamed (2):,116,POINT (-74.7892454 10.9927375),5354,10.9927375,-74.7892454,Funcionando,,
CALLE 53D CON CARRERA 21B BARRANQUILLA,No.: 117<br>CODIGO: 2303<br>LATITUD: 10.9682144<br>LONGITUD: -74.8002887<br>ESTADO: Funcionando<br>unnamed (1): <br>unnamed (2):,117,POINT (-74.8002887 10.9682144),2303,10.9682144,-74.8002887,Funcionando,,
CALLE 53D CON CARRERA 24 BARRANQUILLA,No.: 118<br>CODIGO: 1307<br>LATITUD: 10.970826<br>LONGITUD: -74.798462<br>ESTADO: Funcionando<br>unnamed (1): <br>unnamed (2):,118,POINT (-74.798462 10.970826),1307,10.970826,-74.798462,Funcionando,,
CALLE 53D CON CARRERA 25 BARRANQUILLA,No.: 119<br>CODIGO: 5325<br>LATITUD: 10.972475<br>LONGITUD: -74.797588<br>ESTADO: Funcionando<br>unnamed (1): <br>unnamed (2):,119,POINT (-74.797588 10.972475),5325,10.972475,-74.797588,Funcionando,,
CALLE 53D CON CARRERA 31 BARRANQUILLA,No.: 120<br>CODIGO: 5331<br>LATITUD: 10.97656<br>LONGITUD: -74.7973705<br>ESTADO: Funcionando<br>unnamed (1): <br>unnamed (2):,120,POINT (-74.7973705 10.97656),5331,10.97656,-74.7973705,Funcionando,,
CALLE 54 CON CARRERA 33 BARRANQUILLA,No.: 121<br>CODIGO: 2434<br>LATITUD: 10.9781534<br>LONGITUD: -74.7967611<br>ESTADO: Funcionando<br>unnamed (1): <br>unnamed (2):,121,POINT (-74.7967611 10.9781534),2434,10.9781534,-74.7967611,Funcionando,,
CALLE 54 CON CARRERA 38 BARRANQUILLA,No.: 122<br>CODIGO: 1158<br>LATITUD: 10.9816451<br>LONGITUD: -74.7944106<br>ESTADO: Funcionando<br>unnamed (1): <br>unnamed (2):,122,POINT (-74.7944106 10.9816451),1158,10.9816451,-74.7944106,Funcionando,,
CALLE 54 CON CARRERA 41 BARRANQUILLA,No.: 123<br>CODIGO: 1158<br>LATITUD: 10.9828188<br>LONGITUD: -74.793685<br>ESTADO: Funcionando<br>unnamed (1): <br>unnamed (2):,123,POINT (-74.793685 10.9828188),1158,10.9828188,-74.793685,Funcionando,,
CALLE 54 CON CARRERA 43 BARRANQUILLA,No.: 124<br>CODIGO: 1158<br>LATITUD: 10.9846061<br>LONGITUD: -74.7925588<br>ESTADO: Funcionando<br>unnamed (1): <br>unnamed (2):,124,POINT (-74.7925588 10.9846061),1158,10.9846061,-74.7925588,Funcionando,,
CALLE 54 CON CARRERA 44 BARRANQUILLA,No.: 125<br>CODIGO: 1158<br>LATITUD: 10.9861841<br>LONGITUD: -74.7919628<br>ESTADO: Funcionando<br>unnamed (1): <br>unnamed (2):,125,POINT (-74.7919628 10.9861841),1158,10.9861841,-74.7919628,Funcionando,,
CALLE 54 CON CARRERA 45 BARRANQUILLA,No.: 126<br>CODIGO: 2157<br>LATITUD: 10.9881505<br>LONGITUD: -74.7913516<br>ESTADO: Funcionando<br>unnamed (1): <br>unnamed (2):,126,POINT (-74.7913516 10.9881505),2157,10.9881505,-74.7913516,Funcionando,,
CALLE 54 CON CARRERA 46 BARRANQUILLA,No.: 127<br>CODIGO: 2157<br>LATITUD: 10.9890391<br>LONGITUD: -74.7910884<br>ESTADO: Funcionando<br>unnamed (1): <br>unnamed (2):,127,POINT (-74.7910884 10.9890391),2157,10.9890391,-74.7910884,Funcionando,,
CALLE 54 CON CARRERA 50 BARRANQUILLA,No.: 128<br>CODIGO: 1277<br>LATITUD: 10.9907684<br>LONGITUD: -74.790591<br>ESTADO: Funcionando<br>unnamed (1): <br>unnamed (2):,128,POINT (-74.790591 10.9907684),1277,10.9907684,-74.790591,Funcionando,,
CALLE 54 CON CARRERA 53 BARRANQUILLA,No.: 129<br>CODIGO: 1277<br>LATITUD: 10.9917181<br>LONGITUD: -74.7903144<br>ESTADO: Funcionando<br>unnamed (1): <br>unnamed (2):,129,POINT (-74.7903144 10.9917181),1277,10.9917181,-74.7903144,Funcionando,,
CALLE 55 CON CARRERA 46 BARRANQUILLA,No.: 130<br>CODIGO: 5546<br>LATITUD: 10.989339<br>LONGITUD: -74.7917523<br>ESTADO: Funcionando<br>unnamed (1): <br>unnamed (2):,130,POINT (-74.7917523 10.989339),5546,10.989339,-74.7917523,Funcionando,,
CALLE 55 CON CARRERA 47 y 50 BARRANQUILLA,No.: 131<br>CODIGO: 5550<br>LATITUD: 10.990703<br>LONGITUD: -74.791388<br>ESTADO: Funcionando<br>unnamed (1): <br>unnamed (2):,131,POINT (-74.791388 10.990703),5550,10.990703,-74.791388,Funcionando,,
CALLE 55 CON CARRERA 54 BARRANQUILLA,No.: 132<br>CODIGO: 5354<br>LATITUD: 10.9927706<br>LONGITUD: -74.7912042<br>ESTADO: Funcionando<br>unnamed (1): <br>unnamed (2):,132,POINT (-74.7912042 10.9927706),5354,10.9927706,-74.7912042,Funcionando,,
CALLE 56 CON CARRERA 9D BARRANQUILLA,No.: 133<br>CODIGO: 5609<br>LATITUD: 10.9535889<br>LONGITUD: -74.8087009<br>ESTADO: Funcionando<br>unnamed (1): <br>unnamed (2):,133,POINT (-74.8087009 10.9535889),5609,10.9535889,-74.8087009,Funcionando,,
CALLE 57 CON CARRERA 24 BARRANQUILLA,No.: 134<br>CODIGO: 1307<br>LATITUD: 10.9713274<br>LONGITUD: -74.8012771<br>ESTADO: Funcionando<br>unnamed (1): <br>unnamed (2):,134,POINT (-74.8012771 10.9713274),1307,10.9713274,-74.8012771,Funcionando,,
CALLE 57 CON CARRERA 25 BARRANQUILLA,"No.: 135<br>CODIGO: 5725<br>LATITUD: 10.972698<br>LONGITUD: -74.801185<br>ESTADO: Funcionando<br>unnamed (1): <br>unnamed (2): ,",135,POINT (-74.801185 10.972698),5725,10.972698,-74.801185,Funcionando,,","
CALLE 58 CON CARRERA 54 BARRANQUILLA,No.: 136<br>CODIGO: 5354<br>LATITUD: 10.9928996<br>LONGITUD: -74.7914763<br>ESTADO: Funcionando<br>unnamed (1): <br>unnamed (2):,136,POINT (-74.7914763 10.9928996),5354,10.9928996,-74.7914763,Funcionando,,
CALLE 59 CON CARRERA 45 BARRANQUILLA,No.: 137<br>CODIGO: 5945<br>LATITUD: 10.9892126<br>LONGITUD: -74.79522<br>ESTADO: Funcionando<br>unnamed (1): <br>unnamed (2):,137,POINT (-74.79522 10.9892126),5945,10.9892126,-74.79522,Funcionando,,
CALLE 59 CON CARRERA 46 BARRANQUILLA,No.: 138<br>CODIGO: 2280<br>LATITUD: 10.9902237<br>LONGITUD: -74.7949312<br>ESTADO: Funcionando<br>unnamed (1): <br>unnamed (2):,138,POINT (-74.7949312 10.9902237),2280,10.9902237,-74.7949312,Funcionando,,
CALLE 59 CON CARRERA 47 BARRANQUILLA,No.: 139<br>CODIGO: 5947<br>LATITUD: 10.9914496<br>LONGITUD: -74.7945951<br>ESTADO: Funcionando<br>unnamed (1): <br>unnamed (2):,139,POINT (-74.7945951 10.9914496),5947,10.9914496,-74.7945951,Funcionando,,
CALLE 59 CON CARRERA 50 BARRANQUILLA,No.: 140<br>CODIGO: 1279<br>LATITUD: 10.9919534<br>LONGITUD: -74.7940735<br>ESTADO: Funcionando<br>unnamed (1): <br>unnamed (2):,140,POINT (-74.7940735 10.9919534),1279,10.9919534,-74.7940735,Funcionando,,
CALLE 59 CON CARRERA 53 BARRANQUILLA,No.: 141<br>CODIGO: 1279<br>LATITUD: 10.9929475<br>LONGITUD: -74.793324<br>ESTADO: Funcionando<br>unnamed (1): <br>unnamed (2):,141,POINT (-74.793324 10.9929475),1279,10.9929475,-74.793324,Funcionando,,
CALLE 59 CON CARRERA 54 BARRANQUILLA,No.: 142<br>CODIGO: 1279<br>LATITUD: 10.9939843<br>LONGITUD: -74.7926627<br>ESTADO: Funcionando<br>unnamed (1): <br>unnamed (2):,142,POINT (-74.7926627 10.9939843),1279,10.9939843,-74.7926627,Funcionando,,
CALLE 6 CON CARRERA 30 BARRANQUILLA,No.: 143<br>CODIGO: 630<br>LATITUD: 10.9852619<br>LONGITUD: -74.7760198<br>ESTADO: Funcionando<br>unnamed (1): <br>unnamed (2):,143,POINT (-74.7760198 10.9852619),630,10.9852619,-74.7760198,Funcionando,,
CALLE 60 CON CARRERA 14 BARRANQUILLA,No.: 144<br>CODIGO: 6014<br>LATITUD: 10.9603468<br>LONGITUD: -74.8067513<br>ESTADO: Funcionando<br>unnamed (1): <br>unnamed (2):,144,POINT (-74.8067513 10.9603468),6014,10.9603468,-74.8067513,Funcionando,,
CALLE 60 CON CARRERA 46 BARRANQUILLA,No.: 145<br>CODIGO: 2280<br>LATITUD: 10.9904172<br>LONGITUD: -74.7956265<br>ESTADO: Funcionando<br>unnamed (1): <br>unnamed (2):,145,POINT (-74.7956265 10.9904172),2280,10.9904172,-74.7956265,Funcionando,,
CALLE 61 CON CARRERA 24 BARRANQUILLA,No.: 146<br>CODIGO: 1309<br>LATITUD: 10.9714016<br>LONGITUD: -74.8035041<br>ESTADO: Funcionando<br>unnamed (1): <br>unnamed (2):,146,POINT (-74.8035041 10.9714016),1309,10.9714016,-74.8035041,Funcionando,,
CALLE 61 CON CARRERA 27 BARRANQUILLA,No.: 147<br>CODIGO: 2316<br>LATITUD: 10.9755198<br>LONGITUD: -74.8032603<br>ESTADO: Funcionando<br>unnamed (1): <br>unnamed (2):,147,POINT (-74.8032603 10.9755198),2316,10.9755198,-74.8032603,Funcionando,,
CALLE 61 CON CARRERA 38 BARRANQUILLA,No.: 148<br>CODIGO: 1160<br>LATITUD: 10.9836332<br>LONGITUD: -74.798959<br>ESTADO: Funcionando<br>unnamed (1): <br>unnamed (2):,148,POINT (-74.798959 10.9836332),1160,10.9836332,-74.798959,Funcionando,,
CALLE 61 CON CARRERA 41 BARRANQUILLA,No.: 149<br>CODIGO: 1160<br>LATITUD: 10.9848317<br>LONGITUD: -74.7980043<br>ESTADO: Funcionando<br>unnamed (1): <br>unnamed (2):,149,POINT (-74.7980043 10.9848317),1160,10.9848317,-74.7980043,Funcionando,,
CALLE 61 CON CARRERA 43 BARRANQUILLA,No.: 150<br>CODIGO: 1160<br>LATITUD: 10.986423<br>LONGITUD: -74.7975661<br>ESTADO: Funcionando<br>unnamed (1): <br>unnamed (2):,150,POINT (-74.7975661 10.986423),1160,10.986423,-74.7975661,Funcionando,,
CALLE 61 CON CARRERA 44 BARRANQUILLA,No.: 151<br>CODIGO: 2161<br>LATITUD: 10.9878254<br>LONGITUD: -74.7971482<br>ESTADO: Funcionando<br>unnamed (1): <br>unnamed (2):,151,POINT (-74.7971482 10.9878254),2161,10.9878254,-74.7971482,Funcionando,,
CALLE 62 CON CARRERA 46 BARRANQUILLA,No.: 152<br>CODIGO: 2381<br>LATITUD: 10.9908089<br>LONGITUD: -74.7970541<br>ESTADO: Funcionando<br>unnamed (1): <br>unnamed (2):,152,POINT (-74.7970541 10.9908089),2381,10.9908089,-74.7970541,Funcionando,,
CALLE 64 CON CARRERA 24 BARRANQUILLA,No.: 153<br>CODIGO: 1309<br>LATITUD: 10.9715268<br>LONGITUD: -74.8057368<br>ESTADO: Funcionando<br>unnamed (1): <br>unnamed (2):,153,POINT (-74.8057368 10.9715268),1309,10.9715268,-74.8057368,Funcionando,,
CALLE 64 CON CARRERA 27 BARRANQUILLA,No.: 154<br>CODIGO: 6427<br>LATITUD: 10.9759955<br>LONGITUD: -74.8054204<br>ESTADO: Funcionando<br>unnamed (1): <br>unnamed (2):,154,POINT (-74.8054204 10.9759955),6427,10.9759955,-74.8054204,Funcionando,,
CALLE 64 CON CARRERA 44 BARRANQUILLA,No.: 155<br>CODIGO: 6444<br>LATITUD: 10.988912<br>LONGITUD: -74.79912<br>ESTADO: Funcionando<br>unnamed (1): <br>unnamed (2):,155,POINT (-74.79912 10.988912),6444,10.988912,-74.79912,Funcionando,,
CALLE 64 CON CARRERA 46 BARRANQUILLA,No.: 156<br>CODIGO: 2380<br>LATITUD: 10.9911749<br>LONGITUD: -74.7984688<br>ESTADO: Funcionando<br>unnamed (1): <br>unnamed (2):,156,POINT (-74.7984688 10.9911749),2380,10.9911749,-74.7984688,Funcionando,,
CALLE 64 CON CARRERA 47 BARRANQUILLA,No.: 157<br>CODIGO: 6447<br>LATITUD: 10.992408<br>LONGITUD: -74.798132<br>ESTADO: Funcionando<br>unnamed (1): <br>unnamed (2):,157,POINT (-74.798132 10.992408),6447,10.992408,-74.798132,Funcionando,,
CALLE 64 CON CARRERA 53 BARRANQUILLA,No.: 158<br>CODIGO: 1272<br>LATITUD: 10.9952341<br>LONGITUD: -74.7958224<br>ESTADO: Funcionando<br>unnamed (1): <br>unnamed (2):,158,POINT (-74.7958224 10.9952341),1272,10.9952341,-74.7958224,Funcionando,,
CALLE 64 CON CARRERA 54 BARRANQUILLA,No.: 159<br>CODIGO: 1272<br>LATITUD: 10.9958015<br>LONGITUD: -74.7948918<br>ESTADO: Funcionando<br>unnamed (1): <br>unnamed (2):,159,POINT (-74.7948918 10.9958015),1272,10.9958015,-74.7948918,Funcionando,,
CALLE 64 CON CARRERA 58 BARRANQUILLA,No.: 160<br>CODIGO: 1272<br>LATITUD: 10.9959516<br>LONGITUD: -74.7946546<br>ESTADO: Funcionando<br>unnamed (1): <br>unnamed (2):,160,POINT (-74.7946546 10.9959516),1272,10.9959516,-74.7946546,Funcionando,,
CALLE 68 CON CARRERA 21B BARRANQUILLA,No.: 161<br>CODIGO: 6821<br>LATITUD: 10.968804<br>LONGITUD: -74.8097177<br>ESTADO: Funcionando<br>unnamed (1): <br>unnamed (2):,161,POINT (-74.8097177 10.968804),6821,10.968804,-74.8097177,Funcionando,,
CALLE 68 CON CARRERA 27 BARRANQUILLA,No.: 162<br>CODIGO: 2314<br>LATITUD: 10.9765186<br>LONGITUD: -74.8068543<br>ESTADO: Funcionando<br>unnamed (1): <br>unnamed (2):,162,POINT (-74.8068543 10.9765186),2314,10.9765186,-74.8068543,Funcionando,,
CALLE 68 CON CARRERA 32 BARRANQUILLA,No.: 163<br>CODIGO: 1313<br>LATITUD: 10.9807784<br>LONGITUD: -74.8045322<br>ESTADO: Funcionando<br>unnamed (1): <br>unnamed (2):,163,POINT (-74.8045322 10.9807784),1313,10.9807784,-74.8045322,Funcionando,,
CALLE 68 CON CARRERA 38 BARRANQUILLA,No.: 164<br>CODIGO: 325<br>LATITUD: 10.9833319<br>LONGITUD: -74.8034468<br>ESTADO: Funcionando<br>unnamed (1): <br>unnamed (2):,164,POINT (-74.8034468 10.9833319),325,10.9833319,-74.8034468,Funcionando,,
CALLE 68 CON CARRERA 43 BARRANQUILLA,No.: 165<br>CODIGO: 2377<br>LATITUD: 10.9889008<br>LONGITUD: -74.8021738<br>ESTADO: Funcionando<br>unnamed (1): <br>unnamed (2):,165,POINT (-74.8021738 10.9889008),2377,10.9889008,-74.8021738,Funcionando,,
CALLE 68 CON CARRERA 44 BARRANQUILLA,No.: 166<br>CODIGO: 6844<br>LATITUD: 10.9897171<br>LONGITUD: -74.8019449<br>ESTADO: Funcionando<br>unnamed (1): <br>unnamed (2):,166,POINT (-74.8019449 10.9897171),6844,10.9897171,-74.8019449,Funcionando,,
CALLE 68 CON CARRERA 45 BARRANQUILLA,No.: 167<br>CODIGO: 6845<br>LATITUD: 10.990999<br>LONGITUD: -74.8015695<br>ESTADO: Funcionando<br>unnamed (1): <br>unnamed (2):,167,POINT (-74.8015695 10.990999),6845,10.990999,-74.8015695,Funcionando,,
CALLE 68 CON CARRERA 46 BARRANQUILLA,No.: 168<br>CODIGO: 2379<br>LATITUD: 10.991962<br>LONGITUD: -74.8012952<br>ESTADO: Funcionando<br>unnamed (1): <br>unnamed (2):,168,POINT (-74.8012952 10.991962),2379,10.991962,-74.8012952,Funcionando,,
CALLE 68 CON CARRERA 47 BARRANQUILLA,No.: 169<br>CODIGO: 6847<br>LATITUD: 10.9931928<br>LONGITUD: -74.8009609<br>ESTADO: Funcionando<br>unnamed (1): <br>unnamed (2):,169,POINT (-74.8009609 10.9931928),6847,10.9931928,-74.8009609,Funcionando,,
CALLE 68 CON CARRERA 50 BARRANQUILLA,No.: 170<br>CODIGO: 1269<br>LATITUD: 10.9951325<br>LONGITUD: -74.7997616<br>ESTADO: Funcionando<br>unnamed (1): <br>unnamed (2):,170,POINT (-74.7997616 10.9951325),1269,10.9951325,-74.7997616,Funcionando,,
CALLE 68 CON CARRERA 53 BARRANQUILLA,No.: 171<br>CODIGO: 1270<br>LATITUD: 10.9962025<br>LONGITUD: -74.7980303<br>ESTADO: Funcionando<br>unnamed (1): <br>unnamed (2):,171,POINT (-74.7980303 10.9962025),1270,10.9962025,-74.7980303,Funcionando,,
CALLE 68 CON CARRERA 54 BARRANQUILLA,No.: 172<br>CODIGO: 1270<br>LATITUD: 10.9971989<br>LONGITUD: -74.7975694<br>ESTADO: Funcionando<br>unnamed (1): <br>unnamed (2):,172,POINT (-74.7975694 10.9971989),1270,10.9971989,-74.7975694,Funcionando,,
CALLE 69 CON CARRERA 41 BARRANQUILLA,No.: 173<br>CODIGO: 2377<br>LATITUD: 10.9868738<br>LONGITUD: -74.8038667<br>ESTADO: Funcionando<br>unnamed (1): <br>unnamed (2):,173,POINT (-74.8038667 10.9868738),2377,10.9868738,-74.8038667,Funcionando,,
CALLE 69 CON CARRERA 43 BARRANQUILLA,No.: 174<br>CODIGO: 2377<br>LATITUD: 10.9893604<br>LONGITUD: -74.8030104<br>ESTADO: Funcionando<br>unnamed (1): <br>unnamed (2):,174,POINT (-74.8030104 10.9893604),2377,10.9893604,-74.8030104,Funcionando,,
CALLE 69 CON CARRERA 44 BARRANQUILLA,No.: 175<br>CODIGO: 2377<br>LATITUD: 10.9901915<br>LONGITUD: -74.802703<br>ESTADO: Funcionando<br>unnamed (1): <br>unnamed (2):,175,POINT (-74.802703 10.9901915),2377,10.9901915,-74.802703,Funcionando,,
CALLE 69 CON CARRERA 46 BARRANQUILLA,No.: 176<br>CODIGO: 2379<br>LATITUD: 10.9923736<br>LONGITUD: -74.8019949<br>ESTADO: Funcionando<br>unnamed (1): <br>unnamed (2):,176,POINT (-74.8019949 10.9923736),2379,10.9923736,-74.8019949,Funcionando,,
CALLE 70 CON CARRERA 48 BARRANQUILLA,No.: 177<br>CODIGO: 7048<br>LATITUD: 10.9946462<br>LONGITUD: -74.8026325<br>ESTADO: Funcionando<br>unnamed (1): <br>unnamed (2):,177,POINT (-74.8026325 10.9946462),7048,10.9946462,-74.8026325,Funcionando,,
CALLE 70 CON CARRERA 38 BARRANQUILLA,No.: 178<br>CODIGO: 7038<br>LATITUD: 10.9844714<br>LONGITUD: -74.8081656<br>ESTADO: Funcionando<br>unnamed (1): <br>unnamed (2):,178,POINT (-74.8081656 10.9844714),7038,10.9844714,-74.8081656,Funcionando,,
CALLE 70 CON CARRERA 41 BARRANQUILLA,No.: 179<br>CODIGO: 1371<br>LATITUD: 10.9881052<br>LONGITUD: -74.8061665<br>ESTADO: Funcionando<br>unnamed (1): <br>unnamed (2):,179,POINT (-74.8061665 10.9881052),1371,10.9881052,-74.8061665,Funcionando,,
CALLE 70 CON CARRERA 43 BARRANQUILLA,No.: 180<br>CODIGO: 1371<br>LATITUD: 10.9903972<br>LONGITUD: -74.8048982<br>ESTADO: Funcionando<br>unnamed (1): <br>unnamed (2):,180,POINT (-74.8048982 10.9903972),1371,10.9903972,-74.8048982,Funcionando,,
CALLE 70 CON CARRERA 44 BARRANQUILLA,No.: 181<br>CODIGO: 1371<br>LATITUD: 10.9913249<br>LONGITUD: -74.804406<br>ESTADO: Funcionando<br>unnamed (1): <br>unnamed (2):,181,POINT (-74.804406 10.9913249),1371,10.9913249,-74.804406,Funcionando,,
CALLE 70 CON CARRERA 45 BARRANQUILLA,No.: 182<br>CODIGO: 2373<br>LATITUD: 10.9922433<br>LONGITUD: -74.8039222<br>ESTADO: Funcionando<br>unnamed (1): <br>unnamed (2):,182,POINT (-74.8039222 10.9922433),2373,10.9922433,-74.8039222,Funcionando,,
CALLE 70 CON CARRERA 46 BARRANQUILLA,No.: 183<br>CODIGO: 2375<br>LATITUD: 10.9931709<br>LONGITUD: -74.803414<br>ESTADO: Funcionando<br>unnamed (1): <br>unnamed (2):,183,POINT (-74.803414 10.9931709),2375,10.9931709,-74.803414,Funcionando,,
CALLE 70 CON CARRERA 47 BARRANQUILLA,No.: 184<br>CODIGO: 7048<br>LATITUD: 10.9938933<br>LONGITUD: -74.8030315<br>ESTADO: Funcionando<br>unnamed (1): <br>unnamed (2):,184,POINT (-74.8030315 10.9938933),7048,10.9938933,-74.8030315,Funcionando,,
CALLE 70 CON CARRERA 49 BARRANQUILLA,No.: 185<br>CODIGO: 7049<br>LATITUD: 10.995353<br>LONGITUD: -74.802252<br>ESTADO: Funcionando<br>unnamed (1): <br>unnamed (2):,185,POINT (-74.802252 10.995353),7049,10.995353,-74.802252,Funcionando,,
CALLE 70 CON CARRERA 50 BARRANQUILLA,No.: 186<br>CODIGO: 7050<br>LATITUD: 10.996040<br>LONGITUD: -74.801880<br>ESTADO: Funcionando<br>unnamed (1): <br>unnamed (2):,186,POINT (-74.80188 10.99604),7050,10.99604,-74.80188,Funcionando,,
CALLE 70 CON CARRERA 52 BARRANQUILLA,No.: 187<br>CODIGO: 1268<br>LATITUD: 10.9964707<br>LONGITUD: -74.8014623<br>ESTADO: Funcionando<br>unnamed (1): <br>unnamed (2):,187,POINT (-74.8014623 10.9964707),1268,10.9964707,-74.8014623,Funcionando,,
CALLE 70 CON CARRERA 53 BARRANQUILLA,No.: 188<br>CODIGO: 1268<br>LATITUD: 10.9972485<br>LONGITUD: -74.8007063<br>ESTADO: Funcionando<br>unnamed (1): <br>unnamed (2):,188,POINT (-74.8007063 10.9972485),1268,10.9972485,-74.8007063,Funcionando,,
CALLE 70 CON CARRERA 54 BARRANQUILLA,No.: 189<br>CODIGO: 1268<br>LATITUD: 10.9981308<br>LONGITUD: -74.799857<br>ESTADO: Funcionando<br>unnamed (1): <br>unnamed (2):,189,POINT (-74.799857 10.9981308),1268,10.9981308,-74.799857,Funcionando,,
CALLE 70 CON CARRERA 58 BARRANQUILLA,No.: 190<br>CODIGO: 7058<br>LATITUD: 11.0000715<br>LONGITUD: -74.7975243<br>ESTADO: Funcionando<br>unnamed (1): <br>unnamed (2):,190,POINT (-74.7975243 11.0000715),7058,11.0000715,-74.7975243,Funcionando,,
CALLE 70B CON CARRERA 34 BARRANQUILLA,No.: 191<br>CODIGO: 1320<br>LATITUD: 10.9831307<br>LONGITUD: -74.8094388<br>ESTADO: Funcionando<br>unnamed (1): <br>unnamed (2):,191,POINT (-74.8094388 10.9831307),1320,10.9831307,-74.8094388,Funcionando,,
CALLE 70C CON CARRERA 27 BARRANQUILLA,No.: 192<br>CODIGO: 1319<br>LATITUD: 10.9768643<br>LONGITUD: -74.8097256<br>ESTADO: Funcionando<br>unnamed (1): <br>unnamed (2):,192,POINT (-74.8097256 10.9768643),1319,10.9768643,-74.8097256,Funcionando,,
CALLE 71 CON CARRERA 27 BARRANQUILLA,No.: 193<br>CODIGO: 1319<br>LATITUD: 10.9769174<br>LONGITUD: -74.8101367<br>ESTADO: Funcionando<br>unnamed (1): <br>unnamed (2):,193,POINT (-74.8101367 10.9769174),1319,10.9769174,-74.8101367,Funcionando,,
CALLE 71 CON CARRERA 34 BARRANQUILLA,No.: 194<br>CODIGO: 1320<br>LATITUD: 10.9824468<br>LONGITUD: -74.8108464<br>ESTADO: Funcionando<br>unnamed (1): <br>unnamed (2):,194,POINT (-74.8108464 10.9824468),1320,10.9824468,-74.8108464,Funcionando,,
CALLE 72 CON CARRERA 38 BARRANQUILLA,No.: 195<br>CODIGO: 2328<br>LATITUD: 10.9853111<br>LONGITUD: -74.8111269<br>ESTADO: Funcionando<br>unnamed (1): <br>unnamed (2):,195,POINT (-74.8111269 10.9853111),2328,10.9853111,-74.8111269,Funcionando,,
CALLE 72 CON CARRERA 41 BARRANQUILLA,No.: 196<br>CODIGO: 1329<br>LATITUD: 10.9892049<br>LONGITUD: -74.8085664<br>ESTADO: Funcionando<br>unnamed (1): <br>unnamed (2):,196,POINT (-74.8085664 10.9892049),1329,10.9892049,-74.8085664,Funcionando,,
CALLE 72 CON CARRERA 43 BARRANQUILLA,No.: 197<br>CODIGO: 1330<br>LATITUD: 10.991598<br>LONGITUD: -74.8071456<br>ESTADO: Funcionando<br>unnamed (1): <br>unnamed (2):,197,POINT (-74.8071456 10.991598),1330,10.991598,-74.8071456,Funcionando,,
CALLE 72 CON CARRERA 44 BARRANQUILLA,No.: 198<br>CODIGO: 1330<br>LATITUD: 10.9925193<br>LONGITUD: -74.806522<br>ESTADO: Funcionando<br>unnamed (1): <br>unnamed (2):,198,POINT (-74.806522 10.9925193),1330,10.9925193,-74.806522,Funcionando,,
CALLE 72 CON CARRERA 46 BARRANQUILLA,No.: 199<br>CODIGO: 7246<br>LATITUD: 10.9943913<br>LONGITUD: -74.8055641<br>ESTADO: Funcionando<br>unnamed (1): <br>unnamed (2):,199,POINT (-74.8055641 10.9943913),7246,10.9943913,-74.8055641,Funcionando,,
CALLE 72 CON CARRERA 47 BARRANQUILLA,No.: 200<br>CODIGO: 7246<br>LATITUD: 10.9950587<br>LONGITUD: -74.8051319<br>ESTADO: Funcionando<br>unnamed (1): <br>unnamed (2):,200,POINT (-74.8051319 10.9950587),7246,10.9950587,-74.8051319,Funcionando,,
CALLE 72 CON CARRERA 49 BARRANQUILLA,No.: 201<br>CODIGO: 7248<br>LATITUD: 10.9965549<br>LONGITUD: -74.8042551<br>ESTADO: Funcionando<br>unnamed (1): <br>unnamed (2):,201,POINT (-74.8042551 10.9965549),7248,10.9965549,-74.8042551,Funcionando,,
CALLE 72 CON CARRERA 50 BARRANQUILLA,No.: 202<br>CODIGO: 1259<br>LATITUD: 10.9973183<br>LONGITUD: -74.8037816<br>ESTADO: Funcionando<br>unnamed (1): <br>unnamed (2):,202,POINT (-74.8037816 10.9973183),1259,10.9973183,-74.8037816,Funcionando,,
CALLE 72 CON CARRERA 52 BARRANQUILLA,No.: 203<br>CODIGO: 1259<br>LATITUD: 10.9977678<br>LONGITUD: -74.8032762<br>ESTADO: Funcionando<br>unnamed (1): <br>unnamed (2):,203,POINT (-74.8032762 10.9977678),1259,10.9977678,-74.8032762,Funcionando,,
CALLE 72 CON CARRERA 53 BARRANQUILLA,No.: 204<br>CODIGO: 7254<br>LATITUD: 10.9983184<br>LONGITUD: -74.8024851<br>ESTADO: Funcionando<br>unnamed (1): <br>unnamed (2):,204,POINT (-74.8024851 10.9983184),7254,10.9983184,-74.8024851,Funcionando,,
CALLE 72 CON CARRERA 54 BARRANQUILLA,No.: 205<br>CODIGO: 7254<br>LATITUD: 10.9989782<br>LONGITUD: -74.801579<br>ESTADO: Funcionando<br>unnamed (1): <br>unnamed (2):,205,POINT (-74.801579 10.9989782),7254,10.9989782,-74.801579,Funcionando,,
CALLE 72 CON CARRERA 57 BARRANQUILLA,No.: 206<br>CODIGO: 7257<br>LATITUD: 11.0006366<br>LONGITUD: -74.7992663<br>ESTADO: Funcionando<br>unnamed (1): <br>unnamed (2):,206,POINT (-74.7992663 11.0006366),7257,11.0006366,-74.7992663,Funcionando,,
CALLE 72 CON CARRERA 58 BARRANQUILLA,No.: 207<br>CODIGO: 7258<br>LATITUD: 11.0012906<br>LONGITUD: -74.7984009<br>ESTADO: Funcionando<br>unnamed (1): <br>unnamed (2):,207,POINT (-74.7984009 11.0012906),7258,11.0012906,-74.7984009,Funcionando,,
CALLE 72 CON CARRERA 59 BARRANQUILLA,No.: 208<br>CODIGO: 7258<br>LATITUD: 11.0018507<br>LONGITUD: -74.7976397<br>ESTADO: Funcionando<br>unnamed (1): <br>unnamed (2):,208,POINT (-74.7976397 11.0018507),7258,11.0018507,-74.7976397,Funcionando,,
CALLE 72 CON CARRERAS 48 BARRANQUILLA,No.: 209<br>CODIGO: 7248<br>LATITUD: 10.9957798<br>LONGITUD: -74.8046761<br>ESTADO: Funcionando<br>unnamed (1): <br>unnamed (2):,209,POINT (-74.8046761 10.9957798),7248,10.9957798,-74.8046761,Funcionando,,
CALLE 72 CON VIA 40 BARRANQUILLA,No.: 210<br>CODIGO: 2285<br>LATITUD: 11.007878<br>LONGITUD: -74.7903859<br>ESTADO: Funcionando<br>unnamed (1): <br>unnamed (2):,210,POINT (-74.7903859 11.007878),2285,11.007878,-74.7903859,Funcionando,,
CALLE 74 CON CARRERA 39 BARRANQUILLA,No.: 211<br>CODIGO: 7439<br>LATITUD: 10.9887214<br>LONGITUD: -74.8118419<br>ESTADO: Funcionando<br>unnamed (1): <br>unnamed (2):,211,POINT (-74.8118419 10.9887214),7439,10.9887214,-74.8118419,Funcionando,,
CALLE 74 CON CARRERA 42F BARRANQUILLA,No.: 212<br>CODIGO: 1358<br>LATITUD: 10.9925952<br>LONGITUD: -74.8095309<br>ESTADO: Funcionando<br>unnamed (1): <br>unnamed (2):,212,POINT (-74.8095309 10.9925952),1358,10.9925952,-74.8095309,Funcionando,,
CALLE 74 CON CARRERA 43 BARRANQUILLA,No.: 213<br>CODIGO: 1358<br>LATITUD: 10.9929092<br>LONGITUD: -74.8093518<br>ESTADO: Funcionando<br>unnamed (1): <br>unnamed (2):,213,POINT (-74.8093518 10.9929092),1358,10.9929092,-74.8093518,Funcionando,,
CALLE 74 CON CARRERA 44 BARRANQUILLA,No.: 214<br>CODIGO: 1358<br>LATITUD: 10.9938169<br>LONGITUD: -74.8087984<br>ESTADO: Funcionando<br>unnamed (1): <br>unnamed (2):,214,POINT (-74.8087984 10.9938169),1358,10.9938169,-74.8087984,Funcionando,,
CALLE 74 CON CARRERA 46 BARRANQUILLA,No.: 215<br>CODIGO: 7446<br>LATITUD: 10.9955138<br>LONGITUD: -74.8077912<br>ESTADO: Funcionando<br>unnamed (1): <br>unnamed (2):,215,POINT (-74.8077912 10.9955138),7446,10.9955138,-74.8077912,Funcionando,,
CALLE 74 CON CARRERA 47 BARRANQUILLA,No.: 216<br>CODIGO: 7446<br>LATITUD: 10.9963343<br>LONGITUD: -74.8070974<br>ESTADO: Funcionando<br>unnamed (1): <br>unnamed (2):,216,POINT (-74.8070974 10.9963343),7446,10.9963343,-74.8070974,Funcionando,,
CALLE 74 CON CARRERA 48 BARRANQUILLA,No.: 217<br>CODIGO: 7448<br>LATITUD: 10.9969606<br>LONGITUD: -74.8065511<br>ESTADO: Funcionando<br>unnamed (1): <br>unnamed (2):,217,POINT (-74.8065511 10.9969606),7448,10.9969606,-74.8065511,Funcionando,,
CALLE 74 CON CARRERA 50 BARRANQUILLA,No.: 218<br>CODIGO: 7450<br>LATITUD: 10.998793<br>LONGITUD: -74.805036<br>ESTADO: Funcionando<br>unnamed (1): <br>unnamed (2):,218,POINT (-74.805036 10.998793),7450,10.998793,-74.805036,Funcionando,,
CALLE 74 CON CARRERA 52 BARRANQUILLA,No.: 219<br>CODIGO: 1255<br>LATITUD: 10.9992924<br>LONGITUD: -74.8043755<br>ESTADO: Funcionando<br>unnamed (1): <br>unnamed (2):,219,POINT (-74.8043755 10.9992924),1255,10.9992924,-74.8043755,Funcionando,,
CALLE 74 CON CARRERA 53 BARRANQUILLA,No.: 220<br>CODIGO: 1255<br>LATITUD: 10.9998159<br>LONGITUD: -74.8035836<br>ESTADO: Funcionando<br>unnamed (1): <br>unnamed (2):,220,POINT (-74.8035836 10.9998159),1255,10.9998159,-74.8035836,Funcionando,,
CALLE 74 CON CARRERA 54 BARRANQUILLA,No.: 221<br>CODIGO: 1255<br>LATITUD: 11.0004595<br>LONGITUD: -74.8027444<br>ESTADO: Funcionando<br>unnamed (1): <br>unnamed (2):,221,POINT (-74.8027444 11.0004595),1255,11.0004595,-74.8027444,Funcionando,,
CALLE 74 CON CARRERA 58 BARRANQUILLA,No.: 222<br>CODIGO: 1257<br>LATITUD: 11.0027688<br>LONGITUD: -74.7995166<br>ESTADO: Funcionando<br>unnamed (1): <br>unnamed (2):,222,POINT (-74.7995166 11.0027688),1257,11.0027688,-74.7995166,Funcionando,,
CALLE 75 CON CARRERA 26C7 BARRANQUILLA,No.: 223<br>CODIGO: 2315<br>LATITUD: 10.9793537<br>LONGITUD: -74.8159736<br>ESTADO: Funcionando<br>unnamed (1): <br>unnamed (2):,223,POINT (-74.8159736 10.9793537),2315,10.9793537,-74.8159736,Funcionando,,
CALLE 75 CON CARRERA 50 BARRANQUILLA,No.: 224<br>CODIGO: 7950<br>LATITUD: 11.000179<br>LONGITUD: -74.806188<br>ESTADO: Funcionando<br>unnamed (1): <br>unnamed (2):,224,POINT (-74.806188 11.000179),7950,11.000179,-74.806188,Funcionando,,
CALLE 75 CON CARRERA 52 BARRANQUILLA,No.: 225<br>CODIGO: 1254<br>LATITUD: 11.0007269<br>LONGITUD: -74.8054417<br>ESTADO: Funcionando<br>unnamed (1): <br>unnamed (2):,225,POINT (-74.8054417 11.0007269),1254,11.0007269,-74.8054417,Funcionando,,
CALLE 75 CON CARRERA 53 BARRANQUILLA,No.: 226<br>CODIGO: 1254<br>LATITUD: 11.0012798<br>LONGITUD: -74.8046848<br>ESTADO: Funcionando<br>unnamed (1): <br>unnamed (2):,226,POINT (-74.8046848 11.0012798),1254,11.0012798,-74.8046848,Funcionando,,
CALLE 75 CON CARRERA 54 BARRANQUILLA,No.: 227<br>CODIGO: 1254<br>LATITUD: 11.0018994<br>LONGITUD: -74.8038221<br>ESTADO: Funcionando<br>unnamed (1): <br>unnamed (2):,227,POINT (-74.8038221 11.0018994),1254,11.0018994,-74.8038221,Funcionando,,
CALLE 75 CON CARRERA 58 BARRANQUILLA,No.: 228<br>CODIGO: 1257<br>LATITUD: 11.0042019<br>LONGITUD: -74.8005923<br>ESTADO: Funcionando<br>unnamed (1): <br>unnamed (2):,228,POINT (-74.8005923 11.0042019),1257,11.0042019,-74.8005923,Funcionando,,
CALLE 76 CON CARRERA 42 BARRANQUILLA,No.: 229<br>CODIGO: 7642<br>LATITUD: 10.9923109<br>LONGITUD: -74.8136587<br>ESTADO: Funcionando<br>unnamed (1): <br>unnamed (2):,229,POINT (-74.8136587 10.9923109),7642,10.9923109,-74.8136587,Funcionando,,
CALLE 76 CON CARRERA 38 BARRANQUILLA,No.: 230<br>CODIGO: 1323<br>LATITUD: 10.9866404<br>LONGITUD: -74.8162356<br>ESTADO: Funcionando<br>unnamed (1): <br>unnamed (2):,230,POINT (-74.8162356 10.9866404),1323,10.9866404,-74.8162356,Funcionando,,
CALLE 76 CON CARRERA 42F BARRANQUILLA,No.: 231<br>CODIGO: 2351<br>LATITUD: 10.9936627<br>LONGITUD: -74.8135302<br>ESTADO: Funcionando<br>unnamed (1): <br>unnamed (2):,231,POINT (-74.8135302 10.9936627),2351,10.9936627,-74.8135302,Funcionando,,
CALLE 76 CON CARRERA 43 BARRANQUILLA,No.: 232<br>CODIGO: 1356<br>LATITUD: 10.9942397<br>LONGITUD: -74.811597<br>ESTADO: Funcionando<br>unnamed (1): <br>unnamed (2):,232,POINT (-74.811597 10.9942397),1356,10.9942397,-74.811597,Funcionando,,
CALLE 76 CON CARRERA 44 BARRANQUILLA,No.: 233<br>CODIGO: 1356<br>LATITUD: 10.9953433<br>LONGITUD: -74.8109259<br>ESTADO: Funcionando<br>unnamed (1): <br>unnamed (2):,233,POINT (-74.8109259 10.9953433),1356,10.9953433,-74.8109259,Funcionando,,
CALLE 76 CON CARRERA 46 BARRANQUILLA,No.: 234<br>CODIGO: 1356<br>LATITUD: 10.9968087<br>LONGITUD: -74.8100681<br>ESTADO: Funcionando<br>unnamed (1): <br>unnamed (2):,234,POINT (-74.8100681 10.9968087),1356,10.9968087,-74.8100681,Funcionando,,
CALLE 76 CON CARRERA 47 BARRANQUILLA,No.: 235<br>CODIGO: 1357<br>LATITUD: 10.9974724<br>LONGITUD: -74.8096969<br>ESTADO: Funcionando<br>unnamed (1): <br>unnamed (2):,235,POINT (-74.8096969 10.9974724),1357,10.9974724,-74.8096969,Funcionando,,
CALLE 76 CON CARRERA 48 BARRANQUILLA,No.: 236<br>CODIGO: 7648<br>LATITUD: 10.9982136<br>LONGITUD: -74.809253<br>ESTADO: Funcionando<br>unnamed (1): <br>unnamed (2):,236,POINT (-74.809253 10.9982136),7648,10.9982136,-74.809253,Funcionando,,
CALLE 76 CON CARRERA 49C BARRANQUILLA,No.: 237<br>CODIGO: 1248<br>LATITUD: 10.9998393<br>LONGITUD: -74.8085037<br>ESTADO: Funcionando<br>unnamed (1): <br>unnamed (2):,237,POINT (-74.8085037 10.9998393),1248,10.9998393,-74.8085037,Funcionando,,
CALLE 76 CON CARRERA 50 BARRANQUILLA,No.: 238<br>CODIGO: 7650<br>LATITUD: 11.000500<br>LONGITUD: -74.808201<br>ESTADO: Funcionando<br>unnamed (1): <br>unnamed (2):,238,POINT (-74.808201 11.0005),7650,11.0005,-74.808201,Funcionando,,
CALLE 76 CON CARRERA 51 BARRANQUILLA,No.: 239<br>CODIGO: 7650<br>LATITUD: 11.001162<br>LONGITUD: -74.807782<br>ESTADO: Funcionando<br>unnamed (1): <br>unnamed (2):,239,POINT (-74.807782 11.001162),7650,11.001162,-74.807782,Funcionando,,
CALLE 76 CON CARRERA 51B BARRANQUILLA,No.: 240<br>CODIGO: 1248<br>LATITUD: 11.0017048<br>LONGITUD: -74.8072116<br>ESTADO: Funcionando<br>unnamed (1): <br>unnamed (2):,240,POINT (-74.8072116 11.0017048),1248,11.0017048,-74.8072116,Funcionando,,
CALLE 76 CON CARRERA 52 BARRANQUILLA,No.: 241<br>CODIGO: 1253<br>LATITUD: 11.0021807<br>LONGITUD: -74.8065252<br>ESTADO: Funcionando<br>unnamed (1): <br>unnamed (2):,241,POINT (-74.8065252 11.0021807),1253,11.0021807,-74.8065252,Funcionando,,
CALLE 76 CON CARRERA 53 BARRANQUILLA,No.: 242<br>CODIGO: 1253<br>LATITUD: 11.0027291<br>LONGITUD: -74.8057707<br>ESTADO: Funcionando<br>unnamed (1): <br>unnamed (2):,242,POINT (-74.8057707 11.0027291),1253,11.0027291,-74.8057707,Funcionando,,
CALLE 76 CON CARRERA 54 BARRANQUILLA,No.: 243<br>CODIGO: 1253<br>LATITUD: 11.0032494<br>LONGITUD: -74.8050667<br>ESTADO: Funcionando<br>unnamed (1): <br>unnamed (2):,243,POINT (-74.8050667 11.0032494),1253,11.0032494,-74.8050667,Funcionando,,
CALLE 76 CON CARRERA 56 BARRANQUILLA,No.: 244<br>CODIGO: 7656<br>LATITUD: 11.0045029<br>LONGITUD: -74.8033079<br>ESTADO: Funcionando<br>unnamed (1): <br>unnamed (2):,244,POINT (-74.8033079 11.0045029),7656,11.0045029,-74.8033079,Funcionando,,
CALLE 76 CON CARRERA 57 BARRANQUILLA,No.: 245<br>CODIGO: 7656<br>LATITUD: 11.005061<br>LONGITUD: -74.802571<br>ESTADO: Funcionando<br>unnamed (1): <br>unnamed (2):,245,POINT (-74.802571 11.005061),7656,11.005061,-74.802571,Funcionando,,
CALLE 76 CON CARRERA 58 BARRANQUILLA,No.: 246<br>CODIGO: 1246<br>LATITUD: 11.0057036<br>LONGITUD: -74.801706<br>ESTADO: Funcionando<br>unnamed (1): <br>unnamed (2):,246,POINT (-74.801706 11.0057036),1246,11.0057036,-74.801706,Funcionando,,
CALLE 76 CON CARRERA 59 BARRANQUILLA,No.: 247<br>CODIGO: 7660<br>LATITUD: 11.0062431<br>LONGITUD: -74.8009011<br>ESTADO: Funcionando<br>unnamed (1): <br>unnamed (2):,247,POINT (-74.8009011 11.0062431),7660,11.0062431,-74.8009011,Funcionando,,
CALLE 76 CON CARRERA 6 BARRANQUILLA,No.: 248<br>CODIGO: 2006<br>LATITUD: 10.9456934<br>LONGITUD: -74.8216827<br>ESTADO: Funcionando<br>unnamed (1): <br>unnamed (2):,248,POINT (-74.8216827 10.9456934),2006,10.9456934,-74.8216827,Funcionando,,
CALLE 76 CON CARRERA 60 BARRANQUILLA,No.: 249<br>CODIGO: 7660<br>LATITUD: 11.0067707<br>LONGITUD: -74.8001673<br>ESTADO: Funcionando<br>unnamed (1): <br>unnamed (2):,249,POINT (-74.8001673 11.0067707),7660,11.0067707,-74.8001673,Funcionando,,
CALLE 76B CON CARRERA 42F BARRANQUILLA,No.: 250<br>CODIGO: 2351<br>LATITUD: 10.9937509<br>LONGITUD: -74.8137955<br>ESTADO: Funcionando<br>unnamed (1): <br>unnamed (2):,250,POINT (-74.8137955 10.9937509),2351,10.9937509,-74.8137955,Funcionando,,
CALLE 77 CON CARRERA 59 BARRANQUILLA,No.: 251<br>CODIGO: 7759<br>LATITUD: 11.0068867<br>LONGITUD: -74.8016404<br>ESTADO: Funcionando<br>unnamed (1): <br>unnamed (2):,251,POINT (-74.8016404 11.0068867),7759,11.0068867,-74.8016404,Funcionando,,
CALLE 77 CON CARRERA 60 BARRANQUILLA,No.: 252<br>CODIGO: 1244<br>LATITUD: 11.0081521<br>LONGITUD: -74.8011879<br>ESTADO: Funcionando<br>unnamed (1): <br>unnamed (2):,252,POINT (-74.8011879 11.0081521),1244,11.0081521,-74.8011879,Funcionando,,
CALLE 79 CON CARRERA 43 BARRANQUILLA,No.: 254<br>CODIGO: 1353<br>LATITUD: 10.9953249<br>LONGITUD: -74.8136578<br>ESTADO: Funcionando<br>unnamed (1): <br>unnamed (2):,254,POINT (-74.8136578 10.9953249),1353,10.9953249,-74.8136578,Funcionando,,
CALLE 79 CON CARRERA 44 BARRANQUILLA,No.: 255<br>CODIGO: 1353<br>LATITUD: 10.9964759<br>LONGITUD: -74.8129678<br>ESTADO: Funcionando<br>unnamed (1): <br>unnamed (2):,255,POINT (-74.8129678 10.9964759),1353,10.9964759,-74.8129678,Funcionando,,
CALLE 79 CON CARRERA 46 BARRANQUILLA,No.: 256<br>CODIGO: 1355<br>LATITUD: 10.997987<br>LONGITUD: -74.8120945<br>ESTADO: Funcionando<br>unnamed (1): <br>unnamed (2):,256,POINT (-74.8120945 10.997987),1355,10.997987,-74.8120945,Funcionando,,
CALLE 79 CON CARRERA 47 BARRANQUILLA,No.: 257<br>CODIGO: 1355<br>LATITUD: 10.9986453<br>LONGITUD: -74.8117193<br>ESTADO: Funcionando<br>unnamed (1): <br>unnamed (2):,257,POINT (-74.8117193 10.9986453),1355,10.9986453,-74.8117193,Funcionando,,
CALLE 79 CON CARRERA 49C BARRANQUILLA,No.: 258<br>CODIGO: 1235<br>LATITUD: 11.0000584<br>LONGITUD: -74.8110692<br>ESTADO: Funcionando<br>unnamed (1): <br>unnamed (2):,258,POINT (-74.8110692 11.0000584),1235,11.0000584,-74.8110692,Funcionando,,
CALLE 79 CON CARRERA 50 BARRANQUILLA,No.: 259<br>CODIGO: 1235<br>LATITUD: 11.0009055<br>LONGITUD: -74.8104505<br>ESTADO: Funcionando<br>unnamed (1): <br>unnamed (2):,259,POINT (-74.8104505 11.0009055),1235,11.0009055,-74.8104505,Funcionando,,
CALLE 79 CON CARRERA 51 BARRANQUILLA,No.: 260<br>CODIGO: 1236<br>LATITUD: 11.0018231<br>LONGITUD: -74.8097543<br>ESTADO: Funcionando<br>unnamed (1): <br>unnamed (2):,260,POINT (-74.8097543 11.0018231),1236,11.0018231,-74.8097543,Funcionando,,
CALLE 79 CON CARRERA 51B BARRANQUILLA,No.: 261<br>CODIGO: 1236<br>LATITUD: 11.0026222<br>LONGITUD: -74.8091471<br>ESTADO: Funcionando<br>unnamed (1): <br>unnamed (2):,261,POINT (-74.8091471 11.0026222),1236,11.0026222,-74.8091471,Funcionando,,
CALLE 79 CON CARRERA 52 BARRANQUILLA,No.: 262<br>CODIGO: 1234<br>LATITUD: 11.003424<br>LONGITUD: -74.8085522<br>ESTADO: Funcionando<br>unnamed (1): <br>unnamed (2):,262,POINT (-74.8085522 11.003424),1234,11.003424,-74.8085522,Funcionando,,
CALLE 79 CON CARRERA 53 BARRANQUILLA,No.: 263<br>CODIGO: 1234<br>LATITUD: 11.004304<br>LONGITUD: -74.8081282<br>ESTADO: Funcionando<br>unnamed (1): <br>unnamed (2):,263,POINT (-74.8081282 11.004304),1234,11.004304,-74.8081282,Funcionando,,
CALLE 79 CON CARRERA 59B BARRANQUILLA,No.: 264<br>CODIGO: 1232<br>LATITUD: 11.008813<br>LONGITUD: -74.8050155<br>ESTADO: Funcionando<br>unnamed (1): <br>unnamed (2):,264,POINT (-74.8050155 11.008813),1232,11.008813,-74.8050155,Funcionando,,
CALLE 79 CON CARRERA 60 BARRANQUILLA,No.: 265<br>CODIGO: 1232<br>LATITUD: 11.0092328<br>LONGITUD: -74.8046574<br>ESTADO: Funcionando<br>unnamed (1): <br>unnamed (2):,265,POINT (-74.8046574 11.0092328),1232,11.0092328,-74.8046574,Funcionando,,
CALLE 79A CON CARRERA 38 BARRANQUILLA,No.: 266<br>CODIGO: 1323<br>LATITUD: 10.9871381<br>LONGITUD: -74.818183<br>ESTADO: Funcionando<br>unnamed (1): <br>unnamed (2):,266,POINT (-74.818183 10.9871381),1323,10.9871381,-74.818183,Funcionando,,
CALLE 80 CON CARRERA 42F BARRANQUILLA,No.: 267<br>CODIGO: 2350<br>LATITUD: 10.9943343<br>LONGITUD: -74.8168731<br>ESTADO: Funcionando<br>unnamed (1): <br>unnamed (2):,267,POINT (-74.8168731 10.9943343),2350,10.9943343,-74.8168731,Funcionando,,
CALLE 80 CON CARRERA 43 BARRANQUILLA,No.: 268<br>CODIGO: 8043<br>LATITUD: 10.9964867<br>LONGITUD: -74.8158477<br>ESTADO: Funcionando<br>unnamed (1): <br>unnamed (2):,268,POINT (-74.8158477 10.9964867),8043,10.9964867,-74.8158477,Funcionando,,
CALLE 80 CON CARRERA 46 BARRANQUILLA,No.: 269<br>CODIGO: 8046<br>LATITUD: 10.9992163<br>LONGITUD: -74.8142506<br>ESTADO: Funcionando<br>unnamed (1): <br>unnamed (2):,269,POINT (-74.8142506 10.9992163),8046,10.9992163,-74.8142506,Funcionando,,
CALLE 80 CON CARRERA 49C BARRANQUILLA,No.: 270<br>CODIGO: 8050<br>LATITUD: 11.0010288<br>LONGITUD: -74.8133817<br>ESTADO: Funcionando<br>unnamed (1): <br>unnamed (2):,270,POINT (-74.8133817 11.0010288),8050,11.0010288,-74.8133817,Funcionando,,
CALLE 80 CON CARRERA 50 BARRANQUILLA,No.: 271<br>CODIGO: 8050<br>LATITUD: 11.0017022<br>LONGITUD: -74.8126246<br>ESTADO: Funcionando<br>unnamed (1): <br>unnamed (2):,271,POINT (-74.8126246 11.0017022),8050,11.0017022,-74.8126246,Funcionando,,
CALLE 80 CON CARRERA 51 BARRANQUILLA,No.: 272<br>CODIGO: 8051<br>LATITUD: 11.002856<br>LONGITUD: -74.812456<br>ESTADO: Funcionando<br>unnamed (1): <br>unnamed (2):,272,POINT (-74.812456 11.002856),8051,11.002856,-74.812456,Funcionando,,
CALLE 80B CON CARRERA 42 BARRANQUILLA,No.: 273<br>CODIGO: 8042<br>LATITUD: 10.989036<br>LONGITUD: -74.8225333<br>ESTADO: Funcionando<br>unnamed (1): <br>unnamed (2):,273,POINT (-74.8225333 10.989036),8042,10.989036,-74.8225333,Funcionando,,
CALLE 82 CON CARRERA 42H BARRANQUILLA,No.: 275<br>CODIGO: 1349<br>LATITUD: 10.996878<br>LONGITUD: -74.8183497<br>ESTADO: Funcionando<br>unnamed (1): <br>unnamed (2):,275,POINT (-74.8183497 10.996878),1349,10.996878,-74.8183497,Funcionando,,
CALLE 82 CON CARRERA 43 BARRANQUILLA,No.: 276<br>CODIGO: 1349<br>LATITUD: 10.9976459<br>LONGITUD: -74.817993<br>ESTADO: Funcionando<br>unnamed (1): <br>unnamed (2):,276,POINT (-74.817993 10.9976459),1349,10.9976459,-74.817993,Funcionando,,
CALLE 82 CON CARRERA 44 BARRANQUILLA,No.: 277<br>CODIGO: 1349<br>LATITUD: 10.9990717<br>LONGITUD: -74.81742<br>ESTADO: Funcionando<br>unnamed (1): <br>unnamed (2):,277,POINT (-74.81742 10.9990717),1349,10.9990717,-74.81742,Funcionando,,
CALLE 82 CON CARRERA 46 BARRANQUILLA,No.: 278<br>CODIGO: 1229<br>LATITUD: 11.0006369<br>LONGITUD: -74.8167568<br>ESTADO: Funcionando<br>unnamed (1): <br>unnamed (2):,278,POINT (-74.8167568 11.0006369),1229,11.0006369,-74.8167568,Funcionando,,
CALLE 82 CON CARRERA 47 BARRANQUILLA,No.: 279<br>CODIGO: 1229<br>LATITUD: 11.0013593<br>LONGITUD: -74.8164114<br>ESTADO: Funcionando<br>unnamed (1): <br>unnamed (2):,279,POINT (-74.8164114 11.0013593),1229,11.0013593,-74.8164114,Funcionando,,
CALLE 82 CON CARRERA 49C BARRANQUILLA,No.: 280<br>CODIGO: 1229<br>LATITUD: 11.0020827<br>LONGITUD: -74.8159369<br>ESTADO: Funcionando<br>unnamed (1): <br>unnamed (2):,280,POINT (-74.8159369 11.0020827),1229,11.0020827,-74.8159369,Funcionando,,
CALLE 82 CON CARRERA 50 BARRANQUILLA,No.: 281<br>CODIGO: 8250<br>LATITUD: 11.0029034<br>LONGITUD: -74.8154409<br>ESTADO: Funcionando<br>unnamed (1): <br>unnamed (2):,281,POINT (-74.8154409 11.0029034),8250,11.0029034,-74.8154409,Funcionando,,
CALLE 82 CON CARRERA 51 BARRANQUILLA,No.: 282<br>CODIGO: 8250<br>LATITUD: 11.0037485<br>LONGITUD: -74.814866<br>ESTADO: Funcionando<br>unnamed (1): <br>unnamed (2):,282,POINT (-74.814866 11.0037485),8250,11.0037485,-74.814866,Funcionando,,
CALLE 82 CON CARRERA 51B BARRANQUILLA,No.: 283<br>CODIGO: 8252<br>LATITUD: 11.0044963<br>LONGITUD: -74.8143788<br>ESTADO: Funcionando<br>unnamed (1): <br>unnamed (2):,283,POINT (-74.8143788 11.0044963),8252,11.0044963,-74.8143788,Funcionando,,
CALLE 82 CON CARRERA 52 BARRANQUILLA,No.: 284<br>CODIGO: 8252<br>LATITUD: 11.005283<br>LONGITUD: -74.813897<br>ESTADO: Funcionando<br>unnamed (1): <br>unnamed (2):,284,POINT (-74.813897 11.005283),8252,11.005283,-74.813897,Funcionando,,
CALLE 82 CON CARRERA 53 BARRANQUILLA,No.: 285<br>CODIGO: 2231<br>LATITUD: 11.0061612<br>LONGITUD: -74.8133269<br>ESTADO: Funcionando<br>unnamed (1): <br>unnamed (2):,285,POINT (-74.8133269 11.0061612),2231,11.0061612,-74.8133269,Funcionando,,
CALLE 82 CON CARRERA 55 BARRANQUILLA,No.: 286<br>CODIGO: 2231<br>LATITUD: 11.0070276<br>LONGITUD: -74.8127537<br>ESTADO: Funcionando<br>unnamed (1): <br>unnamed (2):,286,POINT (-74.8127537 11.0070276),2231,11.0070276,-74.8127537,Funcionando,,
CALLE 82 CON CARRERA 57 BARRANQUILLA,No.: 287<br>CODIGO: 8257<br>LATITUD: 11.0086374<br>LONGITUD: -74.8117652<br>ESTADO: Funcionando<br>unnamed (1): <br>unnamed (2):,287,POINT (-74.8117652 11.0086374),8257,11.0086374,-74.8117652,Funcionando,,
CALLE 82 CON CARRERA 58 BARRANQUILLA,No.: 288<br>CODIGO: 8257<br>LATITUD: 11.0094152<br>LONGITUD: -74.8114825<br>ESTADO: Funcionando<br>unnamed (1): <br>unnamed (2):,288,POINT (-74.8114825 11.0094152),8257,11.0094152,-74.8114825,Funcionando,,
CALLE 84 CON CARRERA 43 BARRANQUILLA,No.: 289<br>CODIGO: 1347<br>LATITUD: 10.9984431<br>LONGITUD: -74.820031<br>ESTADO: Funcionando<br>unnamed (1): <br>unnamed (2):,289,POINT (-74.820031 10.9984431),1347,10.9984431,-74.820031,Funcionando,,
CALLE 84 CON CARRERA 44 BARRANQUILLA,No.: 290<br>CODIGO: 1347<br>LATITUD: 11.0000323<br>LONGITUD: -74.81953<br>ESTADO: Funcionando<br>unnamed (1): <br>unnamed (2):,290,POINT (-74.81953 11.0000323),1347,11.0000323,-74.81953,Funcionando,,
CALLE 84 CON CARRERA 46 BARRANQUILLA,No.: 291<br>CODIGO: 1347<br>LATITUD: 11.0016435<br>LONGITUD: -74.8190021<br>ESTADO: Funcionando<br>unnamed (1): <br>unnamed (2):,291,POINT (-74.8190021 11.0016435),1347,11.0016435,-74.8190021,Funcionando,,
CALLE 84 CON CARRERA 47 BARRANQUILLA,No.: 292<br>CODIGO: 1228<br>LATITUD: 11.0023999<br>LONGITUD: -74.8187255<br>ESTADO: Funcionando<br>unnamed (1): <br>unnamed (2):,292,POINT (-74.8187255 11.0023999),1228,11.0023999,-74.8187255,Funcionando,,
CALLE 84 CON CARRERA 49C BARRANQUILLA,No.: 293<br>CODIGO: 1228<br>LATITUD: 11.0031341<br>LONGITUD: -74.8183944<br>ESTADO: Funcionando<br>unnamed (1): <br>unnamed (2):,293,POINT (-74.8183944 11.0031341),1228,11.0031341,-74.8183944,Funcionando,,
CALLE 84 CON CARRERA 50 BARRANQUILLA,No.: 294<br>CODIGO: 1228<br>LATITUD: 11.0040404<br>LONGITUD: -74.8179766<br>ESTADO: Funcionando<br>unnamed (1): <br>unnamed (2):,294,POINT (-74.8179766 11.0040404),1228,11.0040404,-74.8179766,Funcionando,,
CALLE 84 CON CARRERA 51 BARRANQUILLA,No.: 295<br>CODIGO: 8451<br>LATITUD: 11.0049463<br>LONGITUD: -74.8175542<br>ESTADO: Funcionando<br>unnamed (1): <br>unnamed (2):,295,POINT (-74.8175542 11.0049463),8451,11.0049463,-74.8175542,Funcionando,,
CALLE 84 CON CARRERA 57 BARRANQUILLA,No.: 299<br>CODIGO: 8457<br>LATITUD: 11.0093433<br>LONGITUD: -74.8132658<br>ESTADO: Funcionando<br>unnamed (1): <br>unnamed (2):,299,POINT (-74.8132658 11.0093433),8457,11.0093433,-74.8132658,Funcionando,,
CALLE 84 CON CARRERA 58 BARRANQUILLA,No.: 300<br>CODIGO: 8457<br>LATITUD: 11.0099045<br>LONGITUD: -74.812532<br>ESTADO: Funcionando<br>unnamed (1): <br>unnamed (2):,300,POINT (-74.812532 11.0099045),8457,11.0099045,-74.812532,Funcionando,,
CALLE 85 CON CARRERA 43 BARRANQUILLA,No.: 301<br>CODIGO: 8543<br>LATITUD: 10.9991116<br>LONGITUD: -74.8222857<br>ESTADO: Funcionando<br>unnamed (1): <br>unnamed (2):,301,POINT (-74.8222857 10.9991116),8543,10.9991116,-74.8222857,Funcionando,,
CALLE 85 CON CARRERA 46 BARRANQUILLA,No.: 302<br>CODIGO: 2345<br>LATITUD: 11.0023332<br>LONGITUD: -74.8210462<br>ESTADO: Funcionando<br>unnamed (1): <br>unnamed (2):,302,POINT (-74.8210462 11.0023332),2345,11.0023332,-74.8210462,Funcionando,,
CALLE 85 CON CARRERA 49C BARRANQUILLA,No.: 303<br>CODIGO: 8550<br>LATITUD: 11.004017<br>LONGITUD: -74.8203225<br>ESTADO: Funcionando<br>unnamed (1): <br>unnamed (2):,303,POINT (-74.8203225 11.004017),8550,11.004017,-74.8203225,Funcionando,,
CALLE 85 CON CARRERA 50 BARRANQUILLA,No.: 304<br>CODIGO: 8550<br>LATITUD: 11.0049151<br>LONGITUD: -74.8198862<br>ESTADO: Funcionando<br>unnamed (1): <br>unnamed (2):,304,POINT (-74.8198862 11.0049151),8550,11.0049151,-74.8198862,Funcionando,,
CALLE 85 CON CARRERA 51B BARRANQUILLA,No.: 305<br>CODIGO: 8553<br>LATITUD: 11.0066005<br>LONGITUD: -74.8190697<br>ESTADO: Funcionando<br>unnamed (1): <br>unnamed (2):,305,POINT (-74.8190697 11.0066005),8553,11.0066005,-74.8190697,Funcionando,,
CALLE 85 CON CARRERA 52 BARRANQUILLA,No.: 306<br>CODIGO: 8553<br>LATITUD: 11.0072921<br>LONGITUD: -74.8182891<br>ESTADO: Funcionando<br>unnamed (1): <br>unnamed (2):,306,POINT (-74.8182891 11.0072921),8553,11.0072921,-74.8182891,Funcionando,,
CALLE 85 CON CARRERA 53 BARRANQUILLA,No.: 307<br>CODIGO: 8553<br>LATITUD: 11.0078847<br>LONGITUD: -74.8171564<br>ESTADO: Funcionando<br>unnamed (1): <br>unnamed (2):,307,POINT (-74.8171564 11.0078847),8553,11.0078847,-74.8171564,Funcionando,,
CALLE 85 CON CARRERA 58 BARRANQUILLA,No.: 308<br>CODIGO: 8558<br>LATITUD: 11.0108647<br>LONGITUD: -74.8146798<br>ESTADO: Funcionando<br>unnamed (1): <br>unnamed (2):,308,POINT (-74.8146798 11.0108647),8558,11.0108647,-74.8146798,Funcionando,,
CALLE 85 CON CARRERA 59B BARRANQUILLA,No.: 309<br>CODIGO: 8559<br>LATITUD: 11.0122192<br>LONGITUD: -74.8136675<br>ESTADO: Funcionando<br>unnamed (1): <br>unnamed (2):,309,POINT (-74.8136675 11.0122192),8559,11.0122192,-74.8136675,Funcionando,,
CALLE 87 CON CARRERA 46 BARRANQUILLA,No.: 312<br>CODIGO: 2348<br>LATITUD: 11.00287<br>LONGITUD: -74.8228939<br>ESTADO: Funcionando<br>unnamed (1): <br>unnamed (2):,312,POINT (-74.8228939 11.00287),2348,11.00287,-74.8228939,Funcionando,,
CALLE 87 CON CARRERA 47 BARRANQUILLA,No.: 313<br>CODIGO: 2348<br>LATITUD: 11.0031539<br>LONGITUD: -74.8227352<br>ESTADO: Funcionando<br>unnamed (1): <br>unnamed (2):,313,POINT (-74.8227352 11.0031539),2348,11.0031539,-74.8227352,Funcionando,,
CALLE 88 CON CARRERA 46 y 47 BARRANQUILLA,No.: 315<br>CODIGO: 8846<br>LATITUD: 11.003161<br>LONGITUD: -74.823650<br>ESTADO: Funcionando<br>unnamed (1): <br>unnamed (2):,315,POINT (-74.82365 11.003161),8846,11.003161,-74.82365,Funcionando,,
CALLE 89 CON CARRERA 53 BARRANQUILLA,No.: 316<br>CODIGO: 1224<br>LATITUD: 11.0106504<br>LONGITUD: -74.8194759<br>ESTADO: Funcionando<br>unnamed (1): <br>unnamed (2):,316,POINT (-74.8194759 11.0106504),1224,11.0106504,-74.8194759,Funcionando,,
CALLE 90 CON CARRERA 46 BARRANQUILLA,No.: 317<br>CODIGO: 9046<br>LATITUD: 11.0035887<br>LONGITUD: -74.8244554<br>ESTADO: Funcionando<br>unnamed (1): <br>unnamed (2):,317,POINT (-74.8244554 11.0035887),9046,11.0035887,-74.8244554,Funcionando,,
CALLE 90 CON CARRERA 51B BARRANQUILLA,No.: 318<br>CODIGO: 1225<br>LATITUD: 11.0080018<br>LONGITUD: -74.8222026<br>ESTADO: Funcionando<br>unnamed (1): <br>unnamed (2):,318,POINT (-74.8222026 11.0080018),1225,11.0080018,-74.8222026,Funcionando,,
CALLE 90 CON CARRERA 53 BARRANQUILLA,No.: 319<br>CODIGO: 1224<br>LATITUD: 11.0110048<br>LONGITUD: -74.8199757<br>ESTADO: Funcionando<br>unnamed (1): <br>unnamed (2):,319,POINT (-74.8199757 11.0110048),1224,11.0110048,-74.8199757,Funcionando,,
CALLE 93 CON CARRERA 43 BARRANQUILLA,No.: 320<br>CODIGO: 9343<br>LATITUD: 11.0017702<br>LONGITUD: -74.8280803<br>ESTADO: Funcionando<br>unnamed (1): <br>unnamed (2):,320,POINT (-74.8280803 11.0017702),9343,11.0017702,-74.8280803,Funcionando,,
CALLE 93 CON CARRERA 45B BARRANQUILLA,No.: 321<br>CODIGO: 1343<br>LATITUD: 11.0038108<br>LONGITUD: -74.827226<br>ESTADO: Funcionando<br>unnamed (1): <br>unnamed (2):,321,POINT (-74.827226 11.0038108),1343,11.0038108,-74.827226,Funcionando,,
CALLE 93 CON CARRERA 46 BARRANQUILLA,No.: 322<br>CODIGO: 1343<br>LATITUD: 11.0047043<br>LONGITUD: -74.8269129<br>ESTADO: Funcionando<br>unnamed (1): <br>unnamed (2):,322,POINT (-74.8269129 11.0047043),1343,11.0047043,-74.8269129,Funcionando,,
CALLE 93 CON CARRERA 51B BARRANQUILLA,No.: 323<br>CODIGO: 1220<br>LATITUD: 11.0094407<br>LONGITUD: -74.8250597<br>ESTADO: Funcionando<br>unnamed (1): <br>unnamed (2):,323,POINT (-74.8250597 11.0094407),1220,11.0094407,-74.8250597,Funcionando,,
CALLE 94 CON CARRERA 52 BARRANQUILLA,No.: 324<br>CODIGO: 9452<br>LATITUD: 11.0106147<br>LONGITUD: -74.8246308<br>ESTADO: Funcionando<br>unnamed (1): <br>unnamed (2):,324,POINT (-74.8246308 11.0106147),9452,11.0106147,-74.8246308,Funcionando,,
CALLE 94 CON CARRERA 53 BARRANQUILLA,No.: 325<br>CODIGO: 1210<br>LATITUD: 11.0126678<br>LONGITUD: -74.8233265<br>ESTADO: Funcionando<br>unnamed (1): <br>unnamed (2):,325,POINT (-74.8233265 11.0126678),1210,11.0126678,-74.8233265,Funcionando,,
CALLE 94 CON CARRERA 57 BARRANQUILLA,No.: 326<br>CODIGO: 9457<br>LATITUD: 11.015010<br>LONGITUD: -74.821192<br>ESTADO: Funcionando<br>unnamed (1): <br>unnamed (2):,326,POINT (-74.821192 11.01501),9457,11.01501,-74.821192,Funcionando,,
CALLE 96 CON CARRERA 46 BARRANQUILLA,No.: 327<br>CODIGO: 1339<br>LATITUD: 11.005801<br>LONGITUD: -74.8293086<br>ESTADO: Funcionando<br>unnamed (1): <br>unnamed (2):,327,POINT (-74.8293086 11.005801),1339,11.005801,-74.8293086,Funcionando,,
CALLE 98 CON CARRERA 51B BARRANQUILLA,No.: 328<br>CODIGO: 1214<br>LATITUD: 11.0109886<br>LONGITUD: -74.8286042<br>ESTADO: Funcionando<br>unnamed (1): <br>unnamed (2):,328,POINT (-74.8286042 11.0109886),1214,11.0109886,-74.8286042,Funcionando,,
CALLE 98 CON CARRERA 52 BARRANQUILLA,No.: 329<br>CODIGO: 9852<br>LATITUD: 11.0120999<br>LONGITUD: -74.8278199<br>ESTADO: Funcionando<br>unnamed (1): <br>unnamed (2):,329,POINT (-74.8278199 11.0120999),9852,11.0120999,-74.8278199,Funcionando,,
CALLE 98 CON CARRERA 53 BARRANQUILLA,No.: 330<br>CODIGO: 1206<br>LATITUD: 11.0138164<br>LONGITUD: -74.8263404<br>ESTADO: Funcionando<br>unnamed (1): <br>unnamed (2):,330,POINT (-74.8263404 11.0138164),1206,11.0138164,-74.8263404,Funcionando,,
CALLE 99 CON CARRERA 53 BARRANQUILLA,No.: 331<br>CODIGO: 9953<br>LATITUD: 11.01447<br>LONGITUD: -74.8273638<br>ESTADO: Funcionando<br>unnamed (1): <br>unnamed (2):,331,POINT (-74.8273638 11.01447),9953,11.01447,-74.8273638,Funcionando,,
CALLE 99 CON CARRERA 55 BARRANQUILLA,No.: 332<br>CODIGO: 9955<br>LATITUD: 11.015444<br>LONGITUD: -74.826954<br>ESTADO: Funcionando<br>unnamed (1): <br>unnamed (2):,332,POINT (-74.826954 11.015444),9955,11.015444,-74.826954,Funcionando,,
CALLE 99 CON CARRERA 56 BARRANQUILLA,No.: 333<br>CODIGO: 9956<br>LATITUD: 11.0160656<br>LONGITUD: -74.8262897<br>ESTADO: Funcionando<br>unnamed (1): <br>unnamed (2):,333,POINT (-74.8262897 11.0160656),9956,11.0160656,-74.8262897,Funcionando,,
